Reading,Aliyah 1,Aliyah 2,Aliyah 3,Aliyah 4,Aliyah 5,Aliyah 6,Aliyah 7,Maftir,Haftarah
Rosh Hashana,Genesis 21:1-21:4,Genesis 21:5-21:12,Genesis 21:12-21:21,Genesis 21:22-21:27,Genesis 21:27-21:34,null,null,Numbers 29:1-29:6,I Samuel 1:1-2:10
Rosh Hashana Shabbat,Genesis 21:1-21:4,Genesis 21:5-21:8,Genesis 21:9-21:12,Genesis 21:13-21:17,Genesis 21:18-21:21,Genesis 21:22-21:27,Genesis 21:28-21:34,Numbers 29:1-29:6,I Samuel 1:1-2:10
Rosh Hashana II,Genesis 22:1-22:3,Genesis 22:4-22:8,Genesis 22:9-22:14,Genesis 22:15- 22:19,Genesis 22:20-22:24,null,null,Numbers 29:1-29:6,Jeremiah 31:2-20
Yom Kippur,Leviticus 16:1-16:6,Leviticus 16:7-16:11,Leviticus 16:12-16:17,Leviticus 16:18-16:24,Leviticus 16:25-16:30,Leviticus 16:31-16:34,null,Numbers 29:7-29:11,Isaiah 57:14-58:14
Yom Kippur Shabbat,Leviticus 16:1-16:3,Leviticus 16:4-16:6,Leviticus 16:7-16:11,Leviticus 16:12-16:17,Leviticus 16:18-16:24,Leviticus 16:25-16:30,Leviticus 16:31-16:34,Numbers 29:7-29:11,Isaiah 57:14-58:14
Sukkot I,Leviticus 22:26-23:3,Leviticus 23:4-23:14,Leviticus 23:15-23:22,Leviticus 23:23-23:32,Leviticus 23:33-23:44,null,null,Numbers 29:12-29:16,Zechariah 14:1-14:21
Sukkot I Shabbat,Leviticus 22:26-22:33,Leviticus 23:1-23:3,Leviticus 23:4-23:8,Levticus 23:9-23:14,Leviticus 23:15-23:22,Leviticus 23:23-23:32,Leviticus 23:33-23:44,Numebrs 29:12-29:16,Zechariah 14:1-14:21
Sukkot II,Leviticus 22:26-23:3,Leviticus 23:4-23:14,Leviticus 23:15-23:22,Leviticus 23:23-23:32,Leviticus 23:33-23:44,null,null,Numbers 29:12-29:16,I Kings 8:2-8:21
Sukkot Chol HaMoed Shabbat,Exodus 33:12-33:16,Exodus 33:17-33:19,Exodus 33:20-33:23,Exodus 34:1-34:3,Exodus 34:4-34:10,Exodus 34:11-34:17,Exodus 34:18-34:26,Numbers 29:17-29:22,Ezekiel 38:18-39:16
Shmini Atzeret,Deuteronomy 14:22-14:29,Deuteronomy 15:1-15:18,Deuteronomy 15:19-16:3,Deuteronomy 16:4-16:8,Deuteronomy 16:9-16:17,null,null,Numbers 29:35-30:1,I Kings 8:54-8:66
Shmini Atzeret Shababt,Deuteronomy 14:22-14:29,Deuteronomy 15:1-15:18,Deuteronomy 15:19-15:23,Deuteronomy 16:1-16:3,Deuteronomy 16:4-16:8,Deuteronomy 16:9-16:12,Deuteronomy 16:13-16:17,Numbers 29:35-30:1,I Kings 8:54-8:66
Simchat Torah,Deuteronomy 33:1-33:7,Deuteronomy 33:8-33:12,Deuteronomy 33:13-33:17,Deuteronomy 33:18-33:21,Deuteronomy 33:22-33:26,Deuteronomy 33:27-34:12,Genesis 1:1-2:3,Numbers 29:35-30:1,Joshua 1:1-1:18
Simchat Torah Shabbat,Deuteronomy 33:1-33:7,Deuteronomy 33:8-33:12,Deuteronomy 33:13-33:17,Deuteronomy 33:18-33:21,Deuteronomy 33:22-33:26,Deuteronomy 33:27-34:12,Genesis 1:1-2:3,Numbers 29:35-30:1,Joshua 1:1-1:18
Chanukah I Shabbat,ref,ref,ref,ref,ref,ref,ref,Numbers 7:1-7:17,Zechariah 2:14-4:7
Chanukah II Shabbat,ref,ref,ref,ref,ref,ref,ref,Numbers 7:18-7:23,Zechariah 2:14-4:7
Chanukah III Shabbat,ref,ref,ref,ref,ref,ref,ref,Numbers 7:24-7:29,Zechariah 2:14-4:7
Chanukah IV Shabbat,ref,ref,ref,ref,ref,ref,ref,Numbers 7:30-7:35,Zechariah 2:14-4:7
Chanukah V Shabbat,ref,ref,ref,ref,ref,ref,ref,Numbers 7:36-7:41,Zechariah 2:14-4:7
Chanukah VII Shabbat,ref,ref,ref,ref,ref,ref,ref,Numbers 7:48-7:53,Zechariah 2:14-4:7
Chanukah VII Shabbat Rosh Chodesh,ref,ref,ref,ref,ref,ref,Numbers 28:9-28:15,Numbers 7:42-7473,Zechariah 2:14-4:7
Chanukah VIII Shabbat,ref,ref,ref,ref,ref,ref,ref,Numbers 7:54-8:4,I Kings 7:40-7:50
Pesach I,Exodus 12:21-12:24,Exodus 12:25-12:28,Exodus 12:29-12:36,Exodus 12:37-12:42,Exodus 12:43-12:51,null,null,Numbers 28:16-28:25,Joshua 3:5-3:7; 5:2-6:1; 6:27
Pesach I Shababt,Exodus 12:21-12:24,Exodus 12:26-12:28,Exodus 12:29-12:32,Exodus 12:33-12:36,Exodus 12:37-12:42,Exodus 12:43-12:47,Exodus 12:43-12:51,Numbers 28:16-28:25,Joshua 3:5-3:7; 5:2-6:1; 6:27
Pesach II,Leviticus 22:26-23:3,Leviticus 23:4-23:14,Leviticus 23:15-23:22,Leviticus 23:23-23:32,Leviticus 23:33-23:44,null,null,Numbers 28:16-28:25,II Kings 23:1-23:9; 23:21-23:25
Pesach Chol HaMoed Shabbat,Exodus 33:12-33:16,Exodus 33:17-33:19,Exodus 33:20-33:23,Exodus 34:1-34:3,Exodus 34:4-34:10,Exodus 34:11-34:17,Exodus 34:18-34:36,Numbers 28:19-28:25,Ezekiel 37:1-37:14
Pesach VII,Exodus 15:19-15:23,Exodus 14:1-14:8,Exodus 14:9-14:14,Exodus 14:15-14:25,Exodus 14:26-15:26,null,null,Numbers 28:19-28:25,II Samuel 22:1-22:51
Pesach VII Shabbat,Exodus 13:17-13:19,Exodus 13:20-13:22,Exodus 14:1-14:4,Exodus 14:5-14:8,Exodus 14:9-14:14,Exodus 14:15-14:25,Exodus 14:25-15:26,Numbers 28:19-28:25,II Samuel 22:1-22:51
Pesach VIII,Deuteronomy 15:19-15:23,Deuteronomy 16:1-16:3,Deuteronomy 16:4-16:8,Deuteronomy 16:9-16:12,Deuteronomy 16:13-16:17,null,null,Numbers 28:19-28:25,Isaiah 10:32-12:6
Pesach VII Shabbat,Deuteronomy 14:22-14:29,Deuteronomy 15:1-15:18,Deuteronomy 15:19-15:23,Deuteronomy 16:1-16:3,Deuteronomy 16:4-16:8,Deuteronomy 16:9-16:12,Deuteronomy 16:13-16:17,Numbers 28:19-28:25,Isaiah 10:32-12:6
Shavuot I,Exodus 19:1-19:6,Exodus 19:7-19:13,Exodus 19:14-19:19,Exodus 19:20-20:14,Exodus 20:15-20:23,null,null,Numbers 28:26-28:31,Ezekiel 1:1-28; 3:12
Shavuot II,Deuteronomy 15:19-15:23,Deuteronomy 16:1-16:3,Deuteronomy 16:4-16:8,Deuteronomy 16:9-16:12,Deuteronomy 16:13-16:17,null,null,Numbers 28:26-28:31,Habakkuk 3:1-19
Shavuot II Shabbat,Deuteronomy 14:22-14:29,Deuteronomy 15:1-15:18,Deuteronomy 15:19-15:23,Deuteronomy 16:1-16:3,Deuteronomy 16:4-16:8,Deuteronomy 16:9-16:12,Deuteronomy 16:13-16:17,Numbers 28:26-28:31,Habakkuk 3:1-19
Shabbat Rosh Chodesh,ref,ref,ref,ref,ref,ref,ref,Numbers 28:9-28:15,Yeshayahu 66:1-66:24
Shabbat Machar Chodesh,ref,ref,ref,ref,ref,ref,ref,ref,I Samuel 20:18-20:42
Bereshit,Genesis 1:1-2:3,Genesis 2:4-2:19,Genesis 2:20-3:21,Genesis 3:22-4:18,Genesis 4:19-4:22,Genesis 4:23-5:24,Genesis 5:25:6:8,Genesis 6:5-6:8,Isaiah 42:5-42:21
Noach,Genesis 6:9-6:22,Genesis 7:1-7:16,Genesis 6:17-8:14,Genesis 8:15-9:7,Genesis 9:8-9:17,Genesis 9:18-10:32,Genesis 11:1-11:32,Genesis 11:29-11:32,Isaiah 54:1-55:5
Lech-Lecha,Genesis 12:1-12:13,Genesis 12:14-13:4,Genesis 13:5-13:18,Genesis 14:1-14:20,Genesis 14:21-15:6,Genesis 15:7-17:6,Genesis 17:7-17:27,Genesis 17:24-17:27,Isaiah 40:27-41:16
Vayera,Genesis 18:1-18:14,Genesis 18:15-18:33,Genesis 19:1-19:20,Genesis 19:21-21:4,Genesis 21:5-21:21,Genesis 21:22-21:34,Genesis 22:1-22:24,Genesis 22:20-22:24,II Kings 4:1-4:37
Chayei Sara,Genesis 23:1-23:16,Genesis 23:17-24:9,Genesis 24:10-24:26,Genesis 24:27-24:52,Genesis 24:53-24:67,Genesis 25:1-25:11,Genesis 25:12-25:18,Genesis 25:16-25:18,I Kings 1:1-1:31
Toldot,Genesis 25:19-26:5,Genesis 26:6-26:12,Genesis 26:12-26:22,Genesis 26:23-26:29,Genesis 26:30-27:27,Genesis 27:28-28:4,Genesis 28:5-28:9,Genesis 28:7-28:9,Malachi 1:1-2:7
Vayetzei,Genesis 28:10-28:22,Genesis 29:1-29:17,Genesis 29:18-30:13,Genesis 30:14-30:27,Genesis 30:28-31:16,Genesis 31:17-31:42,Genesis 31:43-32:3,Genesis 32:1-32:3,Hosea 12:13-14:10
Vayishlach,Genesis 32:4-32:13,Genesis 32:14-32:30,Genesis 32:31-33:5,Genesis 33:6-33:20,Genesis 34:1-35:11,Genesis 35:12-36:19,Genesis 36:20-36:43,Genesis 36:40-36:43,Obadiah 1:1-1:21
Vayeshev,Genesis 37:1-37:11,Genesis 37:12-37:22,Genesis 37:23-37:36,Genesis 38:1-38:30,Genesis 39:1-39:6,Genesis 39:7-39:23,Genesis 40:1-40:23,Genesis 40:20-40:23,Amos 2:6-3:8
Miketz,Genesis 41:4-41:14,Genesis 41:15-41:38,Genesis 41:39-41:52,Genesis 41:53-42:18,Genesis 42:19-43:15,Genesis 43:16-43:29,Genesis 43:30-44:17,Genesis 44:14-44:17,I Kings 3:15-4:1
Vayigash,Genesis 44:18-44:30,Genesis 44:31-45:7,Genesis 45:8-45:18,Genesis 45:19-45:27,Genesis 45:28-46:27,Geneis 26:28-47:10,Genesis 47:11-47:27,Genesis 47:25-47:27,Ezekiel 37:15-37:28
Vayechi,Genesis 27:28-48:9,Genesis 48:10-48:16,Genesis 48:17-48:22,Genesis 29:1-49:18,Genesis 49:19-49:26,Genesis 49:27-50:20,Genesis 50:21-50:26,Genesis 50:23-50:26,I Kings 2:1-2:12
Shemot,Exodus 1:1-1:17,Exodus 1:18-2:10,Exodus 2:11-2:25,Exodus 3:1-3:15,Exodus 3:16-4:17,Exodus 4:18-4:31,Exodus 5:1-6:1,Exodus 5:22-6:1,Isaiah 27:6-28:13; 29:22-29:23
Vaera,Exodus 6:2-6:13,Exodus 6:14-6:28,Exodus 6:29-7:7,Exodus 7:8-8:6,Exodus 8:7-8:18,Exodus 8:19-9:16,Exodus 9:17-9:35,Exodus 9:33-9:35,Ezekial 28:25-29:21
Bo,Exodus 10:1-10:11,Exodus 10:12-10:23,Exodus 10:24-11:3,Exodus 11:4-12:20,Exodus 12:21-12:28,Exodus 12:29-12:51,Exodus 13:1-13:16,Exodus 13:13-13:16,Jeremiah 46:13-46:28
Beshalach,Exodus 13:17-13:19,Exodus 14:9-14:14,Exodus 14:15-14:25,Exodus 14:26-15:26,Exodus 15:27-16:10,Exodus 16:11-16:36,Exodus 17:1-17:16,Exodus 17:14-17:16,Judges 4:4-5:31
Yitro,Exodus 18:1-18:12,Exodus 18:13-18:23,Exodus 18:24-18:27,Exodus 19:1-19:6,Exodus 19:7-19:19,Exodus 19:20-20:14,Exodus 20:15-20:23,Exodus 20:19-20:23,Isaiah 6:1-7:6; 9:5-9:6
Mishpatim,Exodus 21:1-21:19,Exodus 21:20-22:3,Exodus 22:4-22:26,Exodus 22:27-23:5,Exodus 23:6-23:19,Exodus 23:20-23:25,Exodus 23:23-24:18,Exodus 24:15-24:18,Jeremiah 34:8-34:22; 33:25-33:26
Terumah,Exodus 25:1-25:16,Exodus 25:17-25:40,Exodus 26:1-26:14,Exodus 26:15-26:30,Exodus 26:31-26:37,Exodus 27:1-27:8,Exodus 27:9-27:19,Exodus 27:17-27:19,I Kings 5:26-6:13
Tetzaveh,Exodus 27:20-28:12,Exodus 28:13-28:30,Exodus 28:31-28:43,Exodus 29:1-29:18,Exodus 29:19-29:37,Exodus 29:38-29:46,Exodus 30:1-30:10,Exodus 30:8-30:10,Ezekiel 43:10-43:27
Ki Tisa,Exodus 30:11-31:17,Exodus 31:18-33:11,Exodus 33:12-33:16,Exodus 33:17-33:23,Exodus 34:1-34:9,Exodus 34:10-34:26,Exodus 34:27-34:35,Exodus 34:33-34:35,I Kings 18:1-18:39
Vayakhel,Exodus 35:1-35:20,Exodus 35:21-35:29,Exodus 35:30-36:7,Exodus 36:8-38:19,Exodus 36:20-37:16,Exodus 37:17-37:29,Exodus 38:1-38:20,Exodus 38:18-38:20,I Kings 7:40-7:50
Pekudei,Exodus 38:21-39:1,Exodus 39:2-39:21,Exodus 39:22-39:32,Exodus 39:33-29:43,Exodus 40:1-40:16,Exodus 40:17-40:27,Exodus 40:28-40:38,Exodus 40:34-40:38,I Kings 7:51-8:21
Vayikra,Leviticus 1:1-1:13,Leviticus 1:14-2:6,Leviticus 2:7-2:16,Leviticus 3:1-3:17,Leviticus 4:1-4:26,Leviticus 4:27-5:10,Leviticus 5:11-5:26,Leviticus 5:24-5:26,Isaiah 43:21-44:23
Tzav,Leviticus 6:1-6:11,Leviticus 6:12-7:10,Leviticus 7:11-7:38,Leviticus 8:1-8:13,Leviticus 8:14-8:21,Leviticus 8:22-8:29,Leviticus 8:30-8:36,Leviticus 8:33-8:36,Jeremiah 7:21-8:3; 9:22-9:23
Shmini,Leviticus 9:1-9:16,Leviticus 9:17-9:23,Leviticus 9:24-10:11,Leviticus 10:12-10:15,Leviticus 10:16-10:20,Leviticus 11:1-11:32,Leviticus 11:33-11:47,Leviticus 11:45-11:47,II Samuel 6:1-7:17
Tazria,Leviticus 12:-1-13:5,Leviticus 13:6-13:17,Leviticus 13:18-13:23,Leviticus 13:24-13:28,Leviticus 13:29-13:39,Leviticus 13:40-13:54,Leviticus 13:55-13:59,Leviticus 13:57-13:59,II Kings 4:42-5:19
Metzora,Leviticus 14:1-14:12,Leviticus 14:13-14:20,Leviticus 14:21-14:32,Leviticus 14:33-14:53,Leviticus 14:53-15:15,Leviticus 15:16-15:28,Leviticus 15:29-15:33,Leviticus 15:31-15:33,II Kings 7:3-7:20
Achrei Mot,Leviticus 16:1-16:17,Leviticus 16:18-16:24,Leviticus 16:25-16:34,Leviticus 17:1-17:7,Leviticus 17:8-18:5,Leviticus 18:6-18:21,Leviticus 18:22-18:30,Leviticus 18:28-18:30,Ezekiel 22:1-22:16
Kedoshim,Leviticus 19:1-19:14,Leviticus 19:15-19:22,Leviticus 19:23-19:32,Leviticus 19:33-19:37,Leviticus 20:1-20:7,Leviticus 20:8-20:22,Leviticus 20:23-20:27,Leviticus 20:25-20:27,Ezekiel 22:1-22:19
Emor,Leviticus 21:1-21:15,Leviticus 21:16-22:16,Leviticus 22:17-22:33,Leviticus 23:1-23:22,Leviticus 23:23-23:32,Leviticus 23:33-23:44,Leviticus 23:1-24:23,Leviticus 24:21-24:23,Ezekiel 44:15-44:31
Behar,Leviticus 25:1-25:13,Leviticus 25:14-25:18,Leviticus 25:19-25:24,Leviticus 25:25-25:28,Leviticus 25:29-25:38,Leviticus 25:39-25:46,Leviticus 24:47-26:2,Leviticus 25:55-36:2,Jeremiah 32:6-32:27
Bechukotai,Leviticus 26:3-26:5,Leviticus 26:6-26:9,Leviticus 26:10-26:46,Leviticus 27:1-27:15,Leviticus 27:16-27:21,Leviticus 27:22-27:28,Leviticus 27:29-27:34,Leviticus 27:32-37:34,Jeremiah 16:19-17:14
Bamidbar,Numbers 1:1-1:19,Numbers 1:20-1:54,Numbers 2:1-2:34,Numbers 3:1-3:13,Numbers 3:14-3:39,Numbers 3:40-3:51,Numbers 4:1-4:20,Numbers 4:17-4:20,Hosea 2:1-2:22
Nasso,Numbers 4:21-4:37,Numbers 4:38-4:49,Numbers 5:1-5:10,Numbers 5:11-6:27,Numbers 7:1-5:41,Numbers 7:42-7:71,Numbers 7:72-7:89,Numbers 7:87-7:89,Judges 13:2-13:25
Beha'alotcha,Numbers 8:1-8:14,Numbers 8:15-8:26,Numbers 9:1-9:14,Numbers 9:15-10:10,Numbers 10:11-10:34,Numbers 10:35-11:29,Numbers 11:30-12:16,Numbers 12:14-12:16,Zechariah 2:14-4:7
Sh'lach,Numbers 13:1-13:20,Numbers 13:21-14:7,Numbers 14:8-14:25,Numbers 14:26-15:7,Numbers 15:8-15:16,Numbers 15:17-15:26,Numbers 15:27-15:41,Numbers 15:37-15:41,Joshua 2:1-2:24
Korach,Numbers 16:1-16:13,Numbers 16:14-16:19,Numbers 16:20-17:8,Numbers 17:9-17:15,Numbers 17:16-17:24,Numbers 17:25-18:20,Numbers 18:21-18:32,Numbers 18:30-18:32,I Samuel 11:14-12:22
Chukat,Numbers 19:1-19:17,Numbers 19:18-20:6,Numbers 20:7-20:13,Numbers 20:14-20:21,Numbers 20:22-21:9,Numbers 21:10-21:20,Numbers 21:21-22:1,Numbers 21:34-22:1,Judges 11:1-11:33
Balak,Numbers 22:2-22:12,Numbers 22:13-22:20,Numbers 22:21-22:38,Numbers 22:39-23:12,Numbers 23:13-23:26,Numbers 23:27-24:13,Numbers24:14-25:9,Numbers 25:7-25:9,Micah 5:6-6:8
Pinchas,Numbers 25:10-26:4,Numbers 26:5-26:51,Numbers 26:52-27:5,Numbers 27:6-27:23,Numbers 28:1-28:15,Numbers 28:16-29:11,Numbers 29:12-30:1,Numbers 29:35-30:1,I Kings 18:46-19:21
Matot,Numbers 30:2-30:17,Numbers 31:1-31:12,Numbers 31:13-31:24,Numbers 31:25-31:41,Numbers 31:42-31:54,Numbers 32:1-32:19,Numbers 32:20-32:42,Numbers 32:39-32:42,Jeremiah 1:1-2:3
Masei,Numbers 33:1-33:10,Numbers 33:11-33:29,Numbers 33:50-34:15,Numbers 34:16-34:29,Numbers 35:1-35:8,Numbers 35:9-35:34,Numbers 36:1-36:13,Numbers 36:11-36:13,Jeremiah 2:4-2:28; 3:4
Devarim,Deuteronomy 1:1-1:10,Deuteronomy 1:11-1:21,Deuteronomy 1:22-1:38,Deuteronomy 1:39-2:1,Deuteronomy 2:2-2:30,Deuteronomy 2:31-3:14,Deuteronomy 3:15-3:22,Deuteronomy 3:20-3:22,Isaiah 1:1-1:27
Vaetchanan,Deuteronomy 3:23-4:4,Deuteronomy 4:5-4:40,Deuteronomy 4:41-4:49,Deuteronomy 5:1-5:18,Deuteronomy 4:19-6:3,Deuteronomy 6:4-6:25,Deuteronomy 7:1-7:11,Deuteronomy 7:9-7:11,Isaiah 40:1-4:26
Eikev,Deuteronomy 7:12-8:10,Deuteronomy 8:11-9:3,Deuteronomy 9:4-9:29,Deuteronomy 10:1-10:11,Deuteronomy 10:12-11:9,Deuteronomy 11:10-11:21,Deuteronomy 11:22-11:25,Deuteronomy 11:22-11:25,Isaiah 49:14-51:3
Re'eh,Deuteronomy 11:26-12:10,Deuteronomy 12:11-12:28,Deuteronomy 12:29-13:19,Deuteronomy 14:1-14:21,Deuteronomy 14:22-14:29,Deuteronomy 15:1-15:18,Deuteronomy 15:19-16:17,Deuteronomy 16:13-16:17,Isaiah 54:11-55:5
Shoftim,Deuteronomy 16:18-17:13,Deuteronomy 17:14-17:20,Deuteronomy 18:1-18:5,Deuteronomy 18:6-18:13,Deuteronomy 18:14-19:13,Deuteronomy 19:14-20:9,Deuteronomy 20:10-21:9,Deuteronomy 21:7-21:9,Isaiah 21:7-21:9
Ki Teitzei,Deuteronomy 21:10-21:21,Deuteronomy 21:22-22:7,Deuteronomy 22:8-23:7,Deuteronomy 23:8-23:24,Deuteronomy 23:25-24:4,Deuteronomy 24:5-24:13,Deuteronomy 24:14-25:19,Deuteronomy 25:17-25:19,Isaiah 54:1-54:10
Ki Tavo,Deuteronomy 26:1-26:11,Deuteronomy 26:12-26:15,Deuteronomy 26:16-26:19,Deuteronomy 27:1-27:10,Deuteronomy 27:11-28:6,Deuteronomy 28:7-28:69,Deuteronomy 29:1-29:8,Deuteronomy 29:6-29:8,Isaiah 60:1-60:22
Nitzavim,Deuteronomy 29:9-29:11,Deuteronomy 29:12-29:14,Deuteronomy 29:15-29:28,Deuteronomy 30:1-30:6,Deuteronomy 30:7-30:10,Deuteronomy 30:11-30:14,Deuteronomy 30:15-30:20,Deuteronomy 30:15-30:20,Isaiah 61:10-63:9
Vayeilech,Deuteronomy 31:1-31:3,Deuteronomy 31:4-31:6,Deuteronomy 31:7-31:9,Deuteronomy 31:10-31:13,Deuteronomy 31:14-31:19,Deuteronomy 31:20-31:24,Deuteronomy 31:25-31:30,Deuteronomy 31:25-31:30,Isaiah 55:6-56:8
Ha'azinu,Deuteronomy 32:1-32:6,Deuteronomy 32:7-32:12,Deuteronomy 32:13-32:18,Deuteronomy 32:19-32:28,Deuteronomy 32:29-32:39,Deuteronomy 32:40-32:43,Deuteronomy 32:44-32:52,Deuteronomy 32:48-32:52,II Samuel 22:1-22:51
Vezot Haberakhah,Deuteronomy 33:1-33:7,Deuteronomy 33:8-33:12,Deuteronomy 33:13-33:17,Deuteronomy 33:18-33:21,Deuteronomy 33:22-33:26,Deuteronomy 33:27-33:29,Deuteronomy 34:1-34:12,null,Joshua 1:1-1:18
Vayakhel-Pekudei,Exodus 35:1-35:29,Exodus 35:30-37:16,Exodus 37:17-37:29,Exodus 38:1-39:1,Exodus 39:2-39:43,Exodus 39:22-39:43,Exodus 40:1-40:38,Exodus 40:34-40:38,I Kings 7:51-8:21
Tazria-Metzora,Leviticus 12:1-13:23,Levitius 13:24-13:39,Leviticus 13:40-13:54,Leviticus 13:55-14:20,Leviticus 14:21-14:32,Leviticus 14:33-15:15,Leviticus 15:15-15:33,Leviticus 15:21-15:33,II Kings 7:3-7:20
Achrei Mot-Kedoshim,Leviticus 16:1-16:24,Leviticus 16:25-17:7,Leviticus 17:8-18:21,Leviticus 18:22-19:14,Leviticus 19:15-19:32,Leviticus 19:33-20:7,Leviticus 20:8-20:27,Leviticus 20:25-20:27,Amos 9:7-9:15
Behar-Bechukotai,Leviticus 25:1-25:18,Leviticus 25:19-25:28,Leviticus 25:29-25:38,Leviticus 25:39-26:9,Leviticus 26:10-26:46,Leviticus 27:1-27:15,Leviticus 27:16-27:34,Leviticus 27:32-27:34,Jeremiah 16:19-17:14
Chukat-Balak,Numbers 19:1-20:6,Numbers 20:7-20:21,Numbers 20:22-21:20,Numbers 21:21-22:12,Numbers 22:13-22:38,Numbers 22:39-23:26,Numbers 23:27-25:9,Numbers 25:7-25:9,Micah 5:6-6:8
Matot-Masei,Numbers 30:2-21:12,Numbers 31:13-31:54,Numbers 32:1-32:19,Numbers 32:20-33:49,Numbers 33:50-34:15,Numbers 34:16-35:8,Numbers 35:9-36:13,Numbers 36:11-36:13,Jeremiah 2:4-2:28; 3:4
Nitzavim-Vayeilech,Deuteronomy 29:9-29:28,Deuteronomy 30:1-20:6,Deuteronomy 30:7-30:14,Deuteronomy 30:15-31:6,Deuteronomy 31:7-31:13,Deuteronomy 31:14-31:19,Deuteronomy 31:20-31:30,Deuteronomy 31:28-31:30,Isaiah 61:10-63:9
Shabbat Shuva,ref,ref,ref,ref,ref,ref,ref,ref,Hosea 14:2-14:10; Micah 7:18-7:20; Joel 2:15-2:27
Shabbat Shirah,ref,ref,ref,ref,ref,ref,ref,ref,ref
Shabbat Shekalim,ref,ref,ref,ref,ref,ref,ref,Exodus 30:11-30:16,II Kings 12:1-12:17
Shabbat Zachor,ref,ref,ref,ref,ref,ref,ref,Deuteronomy 25:17-25:19,I Samuel 15:2-15:34
Shabbat Parah,ref,ref,ref,ref,ref,ref,ref,Numbers 19:1-19:22,Ezekiel 36:16-36:38
Shabbat HaChodesh,ref,ref,ref,ref,ref,ref,ref,Exodus 12:1-12:20,Ezekiel 45:16-46:18
Shabbat HaGadol,ref,ref,ref,ref,ref,ref,ref,ref,Malachi 3:4-3:24
Shababt Chazon,ref,ref,ref,ref,ref,ref,ref,ref,ref
Shabbat Nachamu,ref,ref,ref,ref,ref,ref,ref,ref,ref