Reading,Pattern,Triennial Cycle`,Aliyah 1,Aliyah 2,Aliyah 3,Aliyah 4,Aliyah 5,Aliyah 6,Aliyah 7,Maftir
Vayakhel,A,3,Exodus 35:1-35:3,Exodus 35:4-35:10,Exodus 35:11-35:20,Exodus 35:21-35:29,Exodus 35:30-35:35,Exodus 36:1-36:7,Exodus 36:8-36:19,Exodus 36:17-36:19
Pekudei,A,3,Exodus 39:22-39:26,Exodus 39:27-39:32,Exodus 39:33-39:43,Exodus 40:1-40:8,Exodus 40:9-40:16,Exodus 40:17-40:27,Exodus 40:28-40:38,Exodus 40:34-40:38
Vayakhel,B,2,Exodus 37:17-37:19,Exodus 37:20-37:24,Exodus 37:25-37:29,Exodus 38:1-38:3,Exodus 38:4-38:8,Exodus 38:9-38:15,Exodus 38:16-38:20,Exodus 38:18-38:20
Pekudei,B,2,Exodus 38:21-38:23,Exodus 38:24-38:27,Exodus 38:28-39:1,Exodus 39:2-39:7,Exodus 39:8-39:14,Exodus 39:15-39:18,Exodus 39:19-39:21,Exodus 39:19--39:21
Vayakhel,C,2,Exodus 35:1-35:3,Exodus 35:4-35:10,Exodus 35:11-35:20,Exodus 35:21-35:29,Exodus 35:30-35:35,Exodus 36:1-36:7,Exodus 36:8-36:19,Exodus 36:17-36:19
Pekudei,C,2,Exodus 38:21-38:23,Exodus 38:24-38:27,Exodus 38:28-39:1,Exodus 39:2-39:7,Exodus 39:8-39:14,Exodus 39:15-39:18,Exodus 39:19-39:21,Exodus 39:19--39:21
Vayakhel,C,3,Exodus 36:20-36:30,Exodus 36:31-36:38,Exodus 37:1-37:16,Exodus 37:17-37:24,Exodus 37:25-37:29,Exodus 38:1-38:8,Exodus 38:9-38:20,Exodus 38:18-38:20
Pekudei,C,3,Exodus 39:22-39:26,Exodus 39:27-39:32,Exodus 39:33-39:43,Exodus 40:1-40:8,Exodus 40:9-40:16,Exodus 40:17-40:27,Exodus 40:28-40:38,Exodus 40:34-40:38
Vayakhel,D,1,Exodus 35:1-35:3,Exodus 35:4-35:10,Exodus 35:11-35:20,Exodus 35:21-35:29,Exodus 35:30-35:35,Exodus 36:1-36:7,Exodus 36:8-36:19,Exodus 36:17-36:19
Pekudei,D,1,Exodus 38:21-38:23,Exodus 38:24-38:27,Exodus 38:28-39:1,Exodus 39:2-39:7,Exodus 39:8-39:14,Exodus 39:15-39:18,Exodus 39:19-39:21,Exodus 39:19--39:21
Vayakhel,D,2,Exodus 36:20-36:30,Exodus 36:31-36:38,Exodus 37:1-37:16,Exodus 37:17-37:24,Exodus 37:25-37:29,Exodus 38:1-38:8,Exodus 38:9-38:20,Exodus 38:18-38:20
Pekudei,D,2,Exodus 39:22-39:26,Exodus 39:27-39:32,Exodus 39:33-39:43,Exodus 40:1-40:8,Exodus 40:9-40:16,Exodus 40:17-40:27,Exodus 40:28-40:38,Exodus 40:34-40:38
Vayakhel,E,1,Exodus 35:1-35:3,Exodus 35:4-35:10,Exodus 35:11-35:20,Exodus 35:21-35:29,Exodus 35:30-35:35,Exodus 36:1-36:7,Exodus 35:30-35:35,Exodus 36:17-36:19
Pekudei,E,1,Exodus 38:21-38:23,Exodus 38:24-38:27,Exodus 38:28-39:1,Exodus 39:2-39:7,Exodus 39:8-39:14,Exodus 39:15-39:18,Exodus 39:19-39:21,Exodus 39:19--39:21
Vayakhel,E,3,Exodus 36:20-36:30,Exodus 36:31-36:38,Exodus 37:1-37:16,Exodus 37:17-37:24,Exodus 37:25-37:29,Exodus 38:1-38:8,Exodus 38:9-38:20,Exodus 38:18-38:20
Pekudei,E,3,Exodus 39:22-39:26,Exodus 39:27-39:32,Exodus 39:33-39:43,Exodus 40:1-40:8,Exodus 40:9-40:16,Exodus 40:17-40:27,Exodus 40:28-40:38,Exodus 40:34-40:38
Vayakhel,F,1,Exodus 35:1-35:10,Exodus 35:11-35:20,Exodus 35:21-35:29,Exodus 35:30-36:7,Exodus 36:8-36:19,Exodus 36:20-36:38,Exodus 37:1-37:16,Exodus 37:10-37:16
Pekudei,F,1,Exodus 38:21-38:23,Exodus 38:24-38:27,Exodus 38:28-39:1,Exodus 39:2-39:7,Exodus 39:8-39:14,Exodus 39:15-39:18,Exodus 39:19-39:21,Exodus 39:19--39:21
Tazria,A,3,Leviticus 12:1-12:4,Leviticus 12:5-12:8,Leviticus 13:1-13:5,Leviticus 13:6-13:8,Leciticus 13:9-13:17,Leviticus 13:18-13:23,Leviticus 13:24-13:28,Leviticus 13:26-13:28
Metzora,A,3,Leviticus 14:33-14:38,Leviticus 14:39-14:47,Leviticus 14:48-14:53,Leviticus 14:54-15:7,Leviticus 15:8-15:15,Leviticus 15:16-15:28,Leviticus 15:29-15:33,Leviticus 15:31-15:33
Tazria,B,2,Leviticus 13:29-13:24,Leviticus 13:35-13:39,Leviticus 13:40-13:42,Leviticus 13:43-13:46,Leviticus 13:47-13:50,Leviticus 13:51-13:54,Leviticus 13:55-13:59,Leviticus 13:57-13:59
Metzora,B,2,Leviticus 14:1-14:5,Leviticus 14:6-14:9,Leviticus 14:10-14:12,Leviticus 14:13-14:15,Leviticus 14:16-14:20,Leviticus 14:21-14:25,Leviticus 14:26-24:32,Leviticus 14:30-14:32
Tazria,C,1,Leviticus 12:1-12:4,Leviticus 12:5-12:8,Leviticus 13:1-13:5,Leviticus 13:6-13:17,Leviticus 13:18-13:23,Leviticus 13:24-13:28,Leviticus 13:29-13:39,Leviticus 13:37-13:39
Metzora,C,1,Leviticus 14:1-14:5,Leviticus 14:6-14:9,Leviticus 14:10-14:12,Leviticus 14:13-14:15,Leviticus 14:16-14:20,Leviticus 14:21-14:25,Leviticus 14:26-24:32,Leviticus 14:30-14:32
Tazria,D,1,Leviticus 12:1-12:4,Leviticus 12:5-12:8,Leviticus 13:1-13:5,Leviticus 13:6-13:8,Leciticus 13:9-13:17,Leviticus 13:18-13:23,Leviticus 13:24-13:28,Leviticus 13:26-13:28
Metzora,D,1,Leviticus 14:1-14:5,Leviticus 14:6-14:9,Leviticus 14:10-14:12,Leviticus 14:13-14:15,Leviticus 14:16-14:20,Leviticus 14:21-14:25,Leviticus 14:26-24:32,Leviticus 14:30-14:32
Tazria,D,3,Leviticus 13:29-13:24,Leviticus 13:35-13:39,Leviticus 13:40-13:42,Leviticus 13:43-13:46,Leviticus 13:47-13:50,Leviticus 13:51-13:54,Leviticus 13:55-13:59,Leviticus 13:57-13:59
Metzora,D,3,Leviticus 14:33-14:38,Leviticus 14:39-14:47,Leviticus 14:48-14:53,Leviticus 14:54-15:7,Leviticus 15:8-15:15,Leviticus 15:16-15:28,Leviticus 15:29-15:33,Leviticus 15:31-15:33
Achrei Mot,A,3,Leviticus 16:1-16:3,Leviticus 16:4-16:6,Leviticus 16:7-16:11,Leviticus 16:12-16:17,Leviticus 16:18-16:24,Leviticus 16:25-16:30,Leviticus 16:31-16:34,Levticius 16:31-16:34
Kedoshim,A,3,Leviticus 19:15-19:18,Leviticus 19:19-19:22,Leviticus 19:23-19:32,Leviticus 19:33-19:37,Leviticus 20:1-20:7,Leviticus 20:8-20:22,Leviticus 20:23-20:27,Leviticus 20:25-20:27
Achrei Mot,B,2,Leviticus 17:1-17:7,Leviticus 17:8-17:12,Leviticus 17:13-17:16,Leviticus 18:1-18:5,Leviticus 18:6-18:21,Leviticus 18:22-18:25,Leviticus 18:26-18:30,Leviticus 18:26-18:30
Kedoshim,B,2,Leviticus 19:1-19:4,Leviticus 19:5-19:10,Leviticus 19:11-19:14,Leviticus 19:15-19:18,Leviticus 19:19-19:22,Leviticus 19:23-19:32,Leviticus 19:33-19:37,Leviticus 19:35-19:37
Achrei Mot,C,1,Leviticus 16:1-16:6,Leviticus 16:7-16:11,Leviticus 16:12-16:17,Leviticus 16:18-16:24,Leviticus 16:25-16:30,Leviticus 16:31-16:34,Leviticus 17:1-17:7,Leviticus 17:5-17:7
Kedoshim,C,1,Leviticus 19:1-19:4,Leviticus 19:5-19:10,Leviticus 19:11-19:14,Leviticus 19:15-19:18,Leviticus 19:19-19:22,Leviticus 19:23-19:32,Leviticus 19:33-19:37,Leviticus 19:35-19:37
Achrei Mot,D,1,Leviticus 16:1-16:3,Leviticus 16:4-16:6,Leviticus 16:7-16:11,Leviticus 16:12-16:17,Leviticus 16:18-16:24,Leviticus 16:25-16:30,Leviticus 16:31-16:34,Levticius 16:31-16:34
Kedoshim,D,1,Leviticus 19:1-19:4,Leviticus 19:5-19:10,Leviticus 19:11-19:14,Leviticus 19:15-19:18,Leviticus 19:19-19:22,Leviticus 19:23-19:32,Leviticus 19:33-19:37,Leviticus 19:35-19:37
Achrei Mot,D,3,Leviticus 17:1-17:7,Leviticus 17:8-17:12,Leviticus 17:13-17:16,Leviticus 18:1-18:5,Leviticus 18:6-18:21,Leviticus 18:22-18:25,Leviticus 18:26-18:30,Leviticus 18:26-18:30
Kedoshim,D,3,Leviticus 19:23-19:25,Leviticus 19:26-19:28,Leviticus 19:29-19:32,Leviticus 19:33-19:37,Leviticus 20:1-20:7,Leviticus 20:8-20:22,Leviticus 20:23-20:27,Leviticus 20:25-20:27
Behar,A,3,Leviticus 25:1-25:3,Leviticus 25:4-25:7,Leviticus 25:8-25:10,Leviticus 25:11-25:13,Leviticus 25:14-25:18,Leviticus 25:19-25:24,Leviticus 25:25-25:28,Leviticus 25:25-25:28
Bechukotai,A,3,Leviticus 27:1-27:4,Leviticus 27:5-27:8,Leviticus 27:9-27:15,Leviticus 27:16-27:21,Leviticus 27:22-27:25,Leviticus 27:26-27:28,Leviticus 27:29-27:34,Leviticus 27:32-27:34
Behar,B,2,Leviticus 25:29-25:34,Leviticus 25:35-25:38,Leviticus 25:39-25:43,Leviticus 25:44-25:46,Leviticus 25:47-25:50,Leviticus 25:51-25:54,Leviticus 25:55-26:2,Leviticus 25:55-26:2
Bechukotai,B,2,Leviticus 26:3-26:5,Leviticus 26:6-26:9,Leviticus 26:10-26:46,Leviticus 27:1-27:4,Leviticus 27:5-27:8,Leviticus 27:9-27:11,Leviticus 27:12-27:15,Leviticus 27:12-27:15
Behar,C,1,Leviticus 25:1-25:3,Leviticus 25:4-25:7,Leviticus 25:8-25:13,leviticus 25:14-25:18,Leviticus 25:19-25:24,Leviticus 25:25-25:28,Leviticus 25:29-25:38,Leviticus 25:35-25:38
Bechukotai,C,1,Leviticus 26:3-26:5,Leviticus 26:6-26:9,Leviticus 26:10-26:46,Leviticus 27:1-27:4,Leviticus 27:5-27:8,Leviticus 27:9-27:11,Leviticus 27:12-27:15,Leviticus 27:12-27:15
Behar,D,1,Leviticus 25:1-25:3,Leviticus 25:4-25:7,Leviticus 25:8-25:10,Leviticus 25:11-25:13,Leviticus 25:14-25:18,Leviticus 25:19-25:24,Leviticus 25:25-25:28,Leviticus 25:25-25:28
Bechukotai,D,1,Leviticus 26:3-26:5,Leviticus 26:6-26:9,Leviticus 26:10-26:46,Leviticus 27:1-27:4,Leviticus 27:5-27:8,Leviticus 27:9-27:11,Leviticus 27:12-27:15,Leviticus 27:12-27:15
Behar,D,3,Leviticus 25:29-25:34,Leviticus 25:35-25:38,Leviticus 25:39-25:43,Leviticus 25:44-25:46,Leviticus 25:47-25:50,Leviticus 25:51-25:54,Leviticus 25:55-26:2,Leviticus 25:55-26:2
Bechukotai,D,3,Leviticus 27:1-27:4,Leviticus 27:5-27:8,Leviticus 27:9-27:15,Leviticus 27:16-27:21,Leviticus 27:22-27:25,Leviticus 27:26-27:28,Leviticus 27:29-27:34,Leviticus 27:32-27:34
Chukat,A,3,Numbers 19:1-19:6,Numbers 19:7-19:9,Numbers 19:10-19:17,Numbers 19:18-19:22,Numbers 20:1-20:6,Numbers 20:7-20:13,Numbers 20:14-20:21,Numbers 20:18-20:21
Balak,A,3,Numbers 22:39-23:5,Numbers 23:6-23:12,Numbers 23:13-23:26,Numbers 23:27-23:30,Numbers 24:1-24:13,Numbers 24:14-24:25,Numbers 25:1-25:9,Numbers 25:7-25:9
Chukat,B,2,Numbers 21:11-21:13,Numbers 21:14-21:16,Numbers 21:17-21:20,Numbers 21:21-21:25,Numbers 21:26-21:28,Numbers 21:29-21:33,Numbers 21:34-22:1,Numbers 21:34-22:1
Balak,B,2,Numbers 22:2-22:4,Numbers 22:5-22:7,Numbers 22:8-22:12,Numbers 22:13-22:20,Numbers 22:21-22:27,Numbers 22:28-22:30,Numbers 22:31-22:38,Numbers 22:26-22:38
Chukat,C,2,Numbers 19:1-19:6,Numbers 19:7-19:9,Numbers 19:10-19:17,Numbers 19:18-19:22,Numbers 20:1-20:6,Numbers 20:7-20:13,Numbers 20:14-20:21,Numbers 20:18-20:21
Balak,C,2,Numbers 22:2-22:4,Numbers 22:5-22:7,Numbers 22:8-22:12,Numbers 22:13-22:20,Numbers 22:21-22:27,Numbers 22:28-22:30,Numbers 22:31-22:38,Numbers 22:26-22:38
Chukat,C,3,Numbers 20:22-21:3,Numbers 21:4-21:10,Numbers 21:11-21:16,Numbers 21:17-21:20,Numbers 21:21-21:25,Numbers 21:25-21:33,Numbers 21:34-22:1,Numbers 21:34-22:1
Balak,C,3,Numbers 22:39-23:5,Numbers 23:6-23:12,Numbers 23:13-23:26,Numbers 23:27-23:30,Numbers 24:1-24:13,Numbers 24:14-24:25,Numbers 25:1-25:9,Numbers 25:7-25:9
Chukat,D,1,Numbers 19:1-19:6,Numbers 19:7-19:9,Numbers 19:10-19:17,Numbers 19:18-19:22,Numbers 20:1-20:6,Numbers 20:7-20:13,Numbers 20:14-20:21,Numbers 20:18-20:21
Balak,D,1,Numbers 22:2-22:4,Numbers 22:5-22:7,Numbers 22:8-22:12,Numbers 22:13-22:20,Numbers 22:21-22:27,Numbers 22:28-22:30,Numbers 22:31-22:38,Numbers 22:26-22:38
Chukat,D,2,Numbers 20:22-21:3,Numbers 21:4-21:10,Numbers 21:11-21:16,Numbers 21:17-21:20,Numbers 21:21-21:25,Numbers 21:25-21:33,Numbers 21:34-22:1,Numbers 21:34-22:1
Balak,D,2,Numbers 22:39-23:5,Numbers 23:6-23:12,Numbers 23:13-23:26,Numbers 23:27-23:30,Numbers 24:1-24:13,Numbers 24:14-24:25,Numbers 25:1-25:9,Numbers 25:7-25:9
Chukat,E,1,Numbers 19:1-19:6,Numbers 19:7-19:9,Numbers 19:10-19:17,Numbers 19:18-19:22,Numbers 20:1-20:6,Numbers 20:7-20:13,Numbers 20:14-20:21,Numbers 20:18-20:21
Balak,E,1,Numbers 22:2-22:4,Numbers 22:5-22:7,Numbers 22:8-22:12,Numbers 22:13-22:20,Numbers 22:21-22:27,Numbers 22:28-22:30,Numbers 22:31-22:38,Numbers 22:26-22:38
Chukat,E,3,Numbers 20:22-21:3,Numbers 21:4-21:10,Numbers 21:11-21:16,Numbers 21:17-21:20,Numbers 21:21-21:25,Numbers 21:25-21:33,Numbers 21:34-22:1,Numbers 21:34-22:1
Balak,E,3,Numbers 22:39-23:5,Numbers 23:6-23:12,Numbers 23:13-23:26,Numbers 23:27-23:30,Numbers 24:1-24:13,Numbers 24:14-24:25,Numbers 25:1-25:9,Numbers 25:7-25:9
Chukat,F,1,Numbers 19:1-19:9,Numbers 19:10-19:17,Numbers 19:18-20:6,Numbers 20:7-20:13,Numbers 20:14-20;21,Numbers 20:22-21:9,Numbers 21:10-21:20,Numbers 21:16-21:20
Balak,F,1,Numbers 22:2-22:4,Numbers 22:5-22:7,Numbers 22:8-22:12,Numbers 22:13-22:20,Numbers 22:21-22:27,Numbers 22:28-22:30,Numbers 22:31-22:38,Numbers 22:26-22:38
Chukat,G,1,Numbers 19:1-19:6,Numbers 19:7-19:9,Numbers 19:10-19:13,Numbers 19:14-19:17,Numbers 19:18-19:22,Numbers 20:1-20:6,Numbers 20:7-20:13,Numbers 20:7-20:13
Balak,G,1,Numbers 22:2-22:4,Numbers 22:5-22:7,Numbers 22:8-22:12,Numbers 22:13-22:20,Numbers 22:21-22:27,Numbers 22:28-22:30,Numbers 22:31-22:38,Numbers 22:26-22:38
Chukat,G,2,Numbers 20:1-20:6,Numbers 20:7-20:13,Numbers 20:14-20:17,Numbers 20:18-20:21,Numbers 20:22-21:3,Numbers 21:4-21:7,Numbers 21:8-21:10,Numbers 21:8-21:10
Balak,G,2,Numbers 22:39-22:41,Numbers 23:1-23:3,Numbers 23:4-23:6,Numbers 23:7-23:12,Numbers 12:13-13:15,Numbers 13:16-13:18,Numbers 13:19-23:26,Numbers 13:19-23:26
Chukat,G,3,Numbers 21:11-21:13,Numbers 21:14-21:16,Numbers 21:17-21:20,Numbers 21:21-21:25,Numbers 21:26-21:28,Numbers 21:29-21:33,Numbers 21:34-22:1,Numbers 21:34-22:1
Balak,G,3,Numbers 23:27-23:30,Numbers 24:1-24:9,Numbers 24:10-24:13,Numbers 24:14-24:19,Numbers 24:20-24:25,Numbers 25:1-25:6,Numbers 25:7-25:9,Numbers 25:7-25:9
Matot,A,3,Numbers 30:2-30:6,Numbers 30:7-30:9,Numbers 30:10-30:13,Numbers 30:14-30:17,Numbers 31:1-31:4,Numbers 31:5-31:8,Numbers 31:9-31:13,Numbers 31:9-31:13
Masei,A,3,Numbers 33:50-34:15,Numbers 34:16-34:29,Numbers 35:1-35:8,Numbers 35:9-35:15,Numbers 35:16-35:29,Numbers 35:20-25:34,Numbers 36:1-36:13,Numbers 36:10-36:13
Matot,B,2,Numbers 31:1-32:4,Numbers 32:5-32:19,Numbers 32:20-32:24,Numbers 32:25-32:27,Numbers 32:28-32:30,Numbers 31:21-32:38,Numbers 32:39-32:43,Numbers 32:39-32:43
Masei,B,2,Numbers 33:1-33:3,Numbers 33:4-33:6,Numbers 33:7-33:10,Numbers 33:11-33:23,Numbers 33:24-33:36,Numbers 33:37-33:43,Numbers 33:44-33:49,Numbers 33:47-33:49
Matot,C,1,Numbers 30:2-30:9,Numbers 30:10-30:13,Numbers 30:14-30:17,Numbers 31:1-31:12,Numbers 31:13-31:24,Numbers 31;25-31:41,Numbers 31:42-31:54,Numbers 31:51-31:54
Masei,C,1,Numbers 33:1-33:3,Numbers 33:4-33:6,Numbers 33:7-33:10,Numbers 33:11-33:23,Numbers 33:24-33:36,Numbers 33:37-33:43,Numbers 33:44-33:49,Numbers 33:47-33:49