,Year 1,,,,,,,,Year 2,,,,,,,,Year 3,,,,,,,
Reading,Aliyah 1,Aliyah 2,Aliyah 3,Aliyah 4,Aliyah 5,Aliyah 6,Aliyah 7,Maftir,Aliyah 1,Aliyah 2,Aliyah 3,Aliyah 4,Aliyah 5,Aliyah 6,Aliyah 7,Maftir,Aliyah 1,Aliyah 2,Aliyah 3,Aliyah 4,Aliyah 5,Aliyah 6,Aliyah 7,Maftir
Bereshit,Genesis 1:1-1:5,Genesis 1:6-1:8,Genesis 1:9-1:13,Genesis 1:14-1:19,Genesis 1:20-1:23,Genesis 1:24-1:31,Genesis 2:1-2:3,Genesis 2:1-2:3,Genesis 2:4-2:9,Genesis 2:10-2:19,Genesis 2:20-2:25,Genesis 3:1-3:21,Genesis 3:22-3:24,Genesis 4:1-4:18,Genesis 4:19-4:26,Genesis 4:23-4:26,Genesis 5:1-5:5,Genesis 5:6-5:8,Genesis 5:9-5:14,Genesis 5:15-5:20,Genesis 5:21-5:24,Genesis 5:25-5:31,Genesis 5:32-6:8,Genesis 6:5-6:8
Noach,Genesis 6:9-6:16,Genesis 6:17-6:19,Genesis 6:20-6:22,Genesis 7:1-7:9,Genesis 7:10-7:16,Genesis 7:17-7:24,Genesis 8:1-8:14,Genesis 8:12-8:14,Genesis 8:15-8:22,Genesis 9:1-9:7,Genesis 9:8-9:17,Genesis 9:18-9:29,Genesis 10:1-10:14,Genesis 10:15-10:20,Genesis 10:21-10:32,Genesis 10:26-10:32,Genesis 11:1-11:4,Genesis 11:5-11:9,Genesis 11:10-11:13,Genesis 11:14-11:17,Genesis 11:18-11:21,Genesis 11:22-11:25,Genesis 11:26-11:32,Genesis 11:29-11:32
Lech-Lecha,Genesis 12:1-12:3,Genesis 12:4-12:9,Genesis 12:10-12:13,Genesis 12:14-12:20,Genesis 13:1-13:4,Genesis 13:5-13:11,Genesis 13:12-13:18,Gnesis 13:16-13:18,Genesis 14:1-14:9,Genesis 14:10-14:16,Genesis 14:17-14:20,Genesis 14:21-14:24,Genesis 15:1-15:6,Genesis 15:7-15:16,Genesis 15:17-15:21,Genesis 15:17-15:21,Genesis 16:1-16:6,Genesis 16:7-16:9,Genesis 16:10-16:16,Genesis 17:1-17:6,Genesis 17:7-17:17,Genesis 17:18-17:23,Genesis 17:24-17:27,Genesis 17:24-17:27
Vayera,Genesis 18:1-18:5,Genesis 18:6-18:8,Genesis 18:9-18:14,Genesis 18:16-18:21,Genesis 18:22-18:26,Genesis 18:27-18:30,Genesis 18:31-18:33,Genesis 18:31-18:33,Genesis 19:1-19:11,Genesis 19:12-19:20,Genesis 19:21-19:29,Genesis 19:30-19:38,Genesis 20:1-20:8,Genesis 20:9-20:14,Genesis 20:15-20:18,Genesis 20:15-20:18,Genesis 21:1-21:4,Genesis 21:5-21:13,Genesis 21:14-21:21,Genesis 21:22-21:32,Genesis 22:1-22:8,Genesis 22:9-22:19,Genesis 22:22-22:24,Genesis 22:20-22:24
Chayei Sara,Genesis 23:1-23:4,Genesis 23:5-23:7,Genesis 23:8-23:12,Genesis 23:13-23:16,Genesis 23:17-23:20,Genesis 24:1-24:4,Genesis 24:5-24:9,Genesis 24:5-24:9,Genesis 24:10-24:14,Genesis 24:15-24:20,Genesis 24:21-24:26,Genesis 24:27-24:33,Genesis 24:34-24:41,Genesis 24:42-24:49,Genesis 24:50-24:52,Genesis 24:50-24:52,Genesis 24:53-24:58,Genesis 24:59-24:61,Genesis 24:62-24:67,Genesis 25:1-25:6,Genesis 25:7-25:11,Genesis 25:12-25:15,Genesis 25:16-25:18,Genesis 25:15-25:18
Toldot,Genesis 25:19-25:22,Genesis 25:23-25:26,Genesis 25:27-25:34,Genesis 26:1-26:5,Genesis 26:6-26:12,Genesis 26:13-26:16,Genesis 26:17-26:22,Genesis 26:19-26:22,Genesis 26:23-26:29,Genesis 26:30-26:33,Genesis 26:34-27:4,Genesis 27:5-27:13,Genesis 27:14-27:17,Genesis 27:18-27:23,Genesis 27:24-27:27,Genesis 27:24-27:27,27:28-27:30,Genesis 27:31-27:33,Genesis 27:34-27:37,Genesis 27:38-27:40,Genesis 27:41-27:46,Genesis 28:1-28:4,Genesis 28:5-28:9,Genesis 28:7-28:9
Vayetzei,Genesis 28:10-28:12,Genesis 28:13-28:17,Genesis 28:18-28:22,Genesis 29:1-29:8,Genesis 29:9-29:17,Genesis 29:18-29:33,Genesis 29:34-30:13,Genesis 30:9-30:13,Genesis 30:14-30:16,Genesis 30:17-30:21,Genesis 30:22-30:27,Genesis 30:28-30:36,Genesis 30:37-30:43,Genesis 31:1-31:9,Genesis 31:10-31:16,Genesis 31:14-31:16,Genesis 31:17-31:21,Genesis 31:22-31:24,Genesis 31:25-31:35,Genesis 31:36-31:42,Genesis 31:43-31:45,Genesis 31:46-31:50,Genesis 31:51-32:3,Genesis 32:1-32:3
Vayishlach,Genesis 32:4-32:6,Genesis 32:7-32:9,Genesis 32:10-32:13,Genesis 32:14-32:22,Genesis 32:23-32:30,Genesis 32:31-33:5,Genesis 33:6-33:20,Genesis 33:18-33:20,Genesis 34:1-34:4,Genesis 34:5-34:12,Genesis 34:13-34:17,Genesis 34:18-34:23,Genesis 34:34-34:31,Genesis 35:1-35:11,Genesis 35:12-25:15,Genesis 35:12-25:15,Genesis 35:16-35:26,Genesis 35:27-35:29,Genesis 36:1-36:8,Genesis 36:9-36:19,Genesis 36:20-36:30,Genesis 36:31-36:39,Genesis 36:40-36:43,Genesis 36:40-36:43
Vayeshav,Genesis 37:1-37:3,Genesis 37:4-37:7,Genesis 37:8-37:11,Genesis 37:12-37:17,Genesis 37:18-37:22,Genesis 37:23-37:28,Genesis 37:29-37:36,Genesis 37:34-37:36,Genesis 38:1-38:5,Genesis 38:6-38:11,Genesis 38:12-28:14,Genesis 38:15-38:19,Genesis 38:20-38:23,Genesis 38:24-38:26,Genesis 38:27-38:30,Genesis 38:27-38:30,Genesis 39:1-39:6,Genesis 39:7-39:10,Genesis 39:11-39:18,Genesis 39:19-39:23,Genesis 40:1-40:8,Genesis 40:9-40:15,Genesis 40:16-40:23,Genesis 40:20-40:23
Miketz,Genesis 41:1-41:4,Genesis 41:5-41:7,Genesis 41:8-41:14,Genesis 41:15-41:24,Genesis 41:25-41:38,Genesis 41:39-41:43,Genesis 41:44-41:52,Genesis 41:50-41:52,Genesis 41:53-41:57,Genesis 42:1-42:5,Genesis 42:6-42:18,Genesis 42:19-42:28,Genesis 42:29-42:38,Genesis 43:1-43:7,Genesis 43:8-43:15,Genesis 43:11-43:15,Genesis 43:16-43:18,Genesis 43:19-43:25,Genesis 43:26-43:29,Genesis 43:30-43:34,Genesis 44:1-44:6,Genesis 44:7-44:10,Genesis 44:11-44:17,Genesis 44:15-44:17
Vayigash,Genesis 44:18-44:20,Genesis 44:21-44:24,Genesis 44:25-44:30,Genesis 44:31-44:34,Genesis 45:1-45:7,Genesis 44:8-45:18,Genesis 45:19-45:27,Genesis 45:25-45:27,Genesis 45:28-46:4,Genesis 46:5-46:7,Genesis 46:8-46:11,Genesis 46:12-46:15,Genesis 46:16-46:18,Genesis 46:19-46:22,Genesis 46:23-46:27,Genesis 46:23-46:27,Genesis 46:28-46:30,Genesis 46:31-46:34,Genesis 47:1-47:6,Genesis 47:7-47:10,Genesis 47:11-47:19,Genesis 47:20-47:22,Genesis 47:23-47:27,Genesis 47:25-47:27
Vayechi,Genesis 47:28-47:31,Genesis 48:1-48:3,Genesis 48:4-48:9,Genesis 48:10-48:13,Genesis 48:14-48:16,Genesis 48:17-48:19,Genesis 48:20-48:22,Genesis 48:20-48:22,Genesis 49:1-49:4,Genesis 49:5-49:7,Genesis 49:8-49:12,Genesis 49:13-49:15,Genesis 49:16-49:18,Genesis 49:19-49:21,Genesis 49:22-49:26,Genesis 49:22-49:26,Genesis 49:27-49:30,Genesis 49:31-49:33,Gnesis 50:1-50:6,Genesis 50:7-50:9,Genesis 50:10-50:14,Genesis 50:15-50:20,Genesis 50:21-50:26,Genesis 50:23-50:36
Shemot,Exodus 1:1-1:7,Exodus 1:8-1:12,Exodus 1:13-1:17,Exodus 1:18-1:22,Exodus 2:1-2:10,Exodus 2:11-2:15,Exodus 2:16-2:25,Exodus 2:23-2:25,Exodus 3:1-3:6,Exodus 3:7-3:10,Exodus 3:11-3:15,Exodus 3:16-3:22,Exodus 4:1-4:5,Exodus 4:6-4:9,Exodus 4:10-4:17,Exodus 4:14-4:17,Exodus 4:18-4:20,Exodus 4:21-4:26,Exodus 4:27-4:31,Exodus 5:1-5:5,Exodus 5:6-5:9,Exodus 5:10-5:14,Exodus 5:15-6:1,Exodus 5:22-6:1
Vaera,Exodus 6:2-6:5,Exodus 6:6-6:9,Exodus 6:10-6:13,Exodus 6:14-6:19,Exodus 6:20-6:25,Exodus 6:26-6:28,Exodus 6:29-7:7,Exodus 7:5-7:7,Exodus 7:8-7:13,Exodus 7:14-7:18,Exodus 7:19-7:25,Exodus 7:26-7:29,Exodus 8:1-8:6,Exodus 8:7-8:11,Exodus 8:12-8:15,Exodus 8:12-8:15,Exodus 8:16-8:23,Exodus 8:24-8:28,Exodus 9:1-9:7,Exodus 9:8-9:16,Exodus 9:17-9:21,Exodus 9:22-9:26,Exodus 9:27-9:35,Exodus 9:33-9:35
Bo,Exodus 10:1-10:3,Exodus 10:4-10:6,Exodus 10:7-10:11,Exodus 10:12-10:15,Exodus 10:16-10:23,Exodus 10:24-10:29,Exodus 11:1-11:3,Exodus 11:1-11:3,Exodus 11:4-11:10,Exodus 12:1-12:10,Exodus 12:11-12:13,Exodus 12:14-12:16,Exodus 12:17-12:20,Exodus 12:21-12:24,Exodus 12:25-12:28,Exodus 12:25-12:28,Exodus 12:29-12:32,Exodus 12:33-12:36,Exodus 12:37-12:42,Exodus 12:43-12:51,Exodus 12:1-13:4,Exodus 13:5-13:10,Exodus 13:11-13:16,Exodus 12:14-13:16
Beshalach,Exodus 13:17-13:22,Exodus 14:1-14:4,Exodus 14:5-14:8,Exodus 14:9-14:14,Exodus 14:15-14:20,Exodus 14:21-14:25,Exodus 14:16-15:26,Exodus 15:22-15:26,Exodus 14:15-14:20,Exodus 14:21-14:25,Exodus 14:26-15:21,Exodus 15:22-15:26,Exodus 15:27-16:3,Exodus 16:4-16:7,Exodus 16:8-16:10,Exodus 16:8-16:10,Exodus 14:26-15:21,Exodus 15:22-15:26,Exodus 15:27-16:10,Exodus 16:11-16:27,Exodus 16:28-16:36,Exous 17:1-17:7,Exodus 17:8-17:16,Exodus 17:14-17:16
Yitro,Exodus 18:1-18:4,Exodus 18:5-18:8,Exodus 18:9-18:12,Exodus 18:13-18:16,Exodus 18:17-18:19,Exodus 18:20-18:23,Exodus 18:24-18:27,Exodus 12:25-12:28,Exodus 19:1-19:6,Exodus 19:7-19:9,Exodus 19:10-19:13,Exodus 19:14-19:19,Exodus 19:20-20:14,Exodus 20:15-20:18,Exodus 20:19-20:23,Exodus 20:21-20:23,Exodus 19:1-19:6,Exodus 19:7-19:9,Exodus 19:10-19:13,Exodus 19:14-19:19,Exodus 19:20-20:14,Exodus 19:15-20:18,Exodus 20:18-20:23,Exodus 20:21-20:23
Mishpatim,Exodus 21:1-21:6,Exodus 21:7-21:11,Exodus 21:12-21:19,Exodus 21:20-21:27,Exodus 21:28-21:32,Exodus 21:33-21:36,Exodus 21:37-22:3,Exodus 21:37-22:3,Exodus 22:40-22:8,Exodus 22:9-22:12,Exodus 22:13-22:18,Exodus 22:19-22:26,Exodus 22:27-23:5,Exodus 23:6-23:13,Exodus 23:14-23:19,Exodus 23:14-23:19,Exodus 23:20-23:25,Exodus 23:26-23:30,Exodus 23:31-23:33,Exodus 24:1-24:6,Exodus 24:7-24:11,Exodus 24:12-24:14,Exodus 14:15-24:18,Exodus 14:15-24:18
Terumah,Exodus 25:1-25:5,Exodus 25:6-25:9,Exodus 25:10-25:16,Exodus 25:17-25:22,Exodus 25:23-25:30,Exodus 25:31-25:33,Exodus 25:34-25:40,Exodus 25:37-25:40,Exodus 26:1-26:3,Exodus 26:4-26:6,Exodus 26:7-26:11,Exodus 26:12-26:14,Exodus 26:15-26:21,Exodus 26:22-26:25,Exodus 26:26-26:30,Exodus 26:26-26:30,Exodus 26:21-26:33,Exodus 26:34-26:37,Exodus 27:1-27:3,Exodus 27:4-27:8,Exodus 27:9-27:12,Exodus 27:13027:16,Exodus 17:17-27:19,Exodus 17:17-27:19
Tetzaveh,Exodus 27:20-28:5,Exodus 28:6-28:9,Exodus 28:10-28:12,Exodus 28:13-28:17,Exodus 28:18-28:21,Exodus 28:22-28:25,Exodus 28:26-28:30,Exodus 28:27-28:30,Exodus 28:31-28:35,Exodus 28:36-28:38,Exodus 28:39-28:43,Exodus 29:1-29:4,Exodus 29:5-29:9,Exodus 29:10-29:14,Exodus 19:15-19:18,Exodus 19:15-19:18,Exodus 29:19-29:21,Exodus 29:22-29:25,Exodus 29:26-29:30,Exodus 29:31-29:34,Exodus 29:35-29:37,Exodus 29:38-39:46,Exodus 30:1-30:10,Exodus 30:8-30:10
Ki Tisa,Exodus 30:11-30:13,Exodus 30:14-30:16,Exodus 30:17-30:21,Exodus 30:22-30:33,Exodus 30:34-30:38,Exodus 31:1-31:11,Exodus 31:12-31:17,Exodus 31:15-31:17,Exodus 31:18-32:6,Exodus 32:7-32:11,Exodus 32:12-32:14,Exodus 32:15-32:24,Exodus 32:25-32:29,Exodus 32:30-33:6,Exodus 33:7-33:11,Exodus 33:9-33:11,Exodus 33:12-33:16,Exodus 33:17-33:23,Exodus 34:1-34:9,Exodus 34:10-34:17,Exodus 34:18-34:21,Exodus 34:22-34:26,Exodus 34:27-34:35,Exodus 34:33-34:35
Vayakhel,double,double,double,double,double,double,double,double,double,double,double,double,double,double,double,double,double,double,double,double,double,double,double,double
Pekudei,double,double,double,double,double,double,double,double,double,double,double,double,double,double,double,double,double,double,double,double,double,double,double,double
Vayikra,Leviticus 1:1-1:4,Leviticus 1:5-1:9,Leviticus 1:10-1:13,Leviticus 1:14-1:17,Leviticus 2:1-2:6,Leviticus 2:7-2:13,Leviticus 2:14-2:16,Leviticus 2:14-2:16,Leviticus 3:1-3:5,Leviticus 3:6-3:11,Leviticus 3:12-3:17,Leviticus 4:1-4:7,Leviticus 4:8-4:12,Leviticus 4:13-4:21,Leviticus 4:22-4:26,Leviticus 4:24-2:26,Leviticus 4:27-4:31,Leviticus 4:32-4:35,Leviticus 5:1-5:10,Leviticus 5:11-5:13,Leviticus 5:14-5:16,Leviticus 5:17-5:19,Leviticus 5:20-5:26,Leviticus 5:24-5:26
Tzav,Leviticus 6:1-6:3,Leviticus 6:4-6:6,Leviticus 6:7-6:11,Leviticus 6:12-6:16,Leviticus 6:17-6:23,Leviticus 7:1-7:6,Leviticus 7:7-7:10,Leviticus 7:7-7:10,Leviticus 7:11-7:15,Leviticus 7:16-7:18,Leviticus 7:19-7:21,Leviticus 7:22-7:27,Leviticus 7:28-7:31,Leviticus 7:32-7:34,Leviticus 7:35-7:38,Leviticus 7:35-7:38,Leviticus 8:1-8:5,Leviticus 8:6-8:9,Leviticus 8:10-8:13,Leviticus 8:14-8:17,Leviticus 8:18-8:21,Leviticus 8:22-8:29,Leviticus 8:30-8:36,Leviticus 8:33-8:36
Shmini,Leviticus 9:1-9:6,Leviticus 9:7-9:10,Leviticus 9:11-9:16,Leviticus 9:17-9:23,Leviticus 9:24-10:3,Leviticus 10:4-10:7,Leviticus 10:8-10:11,Leviticus 10:8-10:11,Leviticus 10:12-10:15,Leviticus 10:16-10:20,Leviticus 11:1-11:8,Leviticus 11:9-11:12,Leviticus 11:13-11:19,Leviticus 11:20-11:28,Leviticus 11:29-11:32,Leviticus 11:29-11:32,Leviticus 11:1-11:8,Leviticus 11:9-11:12,Leviticus 11:13-11:19,Leviticus 11:20-11:28,Leviticus 11:29-11:32,Leviticus 11:33-11:38,Leviticus 11:39-11:47,Leviticus 11:45-11:47
Tazria,double,double,double,double,double,double,double,double,double,double,double,double,double,double,double,double,double,double,double,double,double,double,double,double
Metzora,double,double,double,double,double,double,double,double,double,double,double,double,double,double,double,double,double,double,double,double,double,double,double,double
Achrei Mot,double,double,double,double,double,double,double,double,double,double,double,double,double,double,double,double,double,double,double,double,double,double,double,double
Kedoshim,double,double,double,double,double,double,double,double,double,double,double,double,double,double,double,double,double,double,double,double,double,double,double,double
Emor,Leviticus 21:1-21:6,Leviticus 21:7-21:12,Leviticus 21:13-21:15,Leviticus 21:16-21:24,Leviticus 22:1-22:9,Leviticus 22:10-22:12,Leviticus 22:13-22:16,Leviticus 22:13-22:16,Leviticus 22:17-22:20,Leviticus 22:21-22:25,Leviticus 22:26-22:33,Leviticus 23:1-23:3,Leviticus 23:4-23:8,Leviticus 23:9-23:14,Leviticus 23:15-23:22,Leviticus 23:19-23:22,Leviticus 23:23-23:25,Leviticus 23:26-23:32,Leviticus 23:33-23:44,Leviticus 24:1-24:4,Leviticus 24:5-24:9,Leviticus 24:10-24:12,Leviticus 24:13-24:23,Leviticus 24:21-24:23
Behar,double,double,double,double,double,double,double,double,double,double,double,double,double,double,double,double,double,double,double,double,double,double,double,double
Bechukotai,double,double,double,double,double,double,double,double,double,double,double,double,double,double,double,double,double,double,double,double,double,double,double,double
Bamidbar,Numbers 1:1-1:4,Numbers 1:5-1:16,Numbers 1:17-1:19,Numbers 1:20-1:27,Numbers 1:28-1:35,Numbers 1:36-1:43,Numbers 1:44-1:54,Numbers 1:52-1:154,Numbers 2:1-2:9,Numbers 2:10-2:16,Numbers 2:17-2:24,Numbers 2:25-2:31,Numbers 2:32-2:34,Numbers 3:1-3:4,Numbers 3:5-3:13,Numbers 3:11-3:13,Numbers 3:14-3:20,Numbers 3:21-3:26,Numbers 3:27-3:39,Numbers 3:40-3:43,Numbers 3:44-3:51,Numbers 4:1-4:10,Numbers 4:11-4:20,Numbers 4:17-4:20
Nasso,Numbers 4:21-4:24,Numbers 4:25-4:28,Numbers 4:29-4:33,Numbers 4:34-4:37,Numbers 4:38-4:49,Numbers 5:1-5:4,Numbers 5:5-5:10,Numbers 5:8-5:10,Numbers 5:11-5:15,Numbers 5:16-5:26,Numbers 5:27-6:4,Numbers 6:5-6:8,Numbers 6:9-6:15,Numbers 6:16-6:21,Numbers 6:22-6:27,Numbers 6:22-6:27,Numbers 7:1-7:11,Numbers 7:12-7:23,Numbers 7:24-7:35,Numbers 7:36-7:47,Numbers 7:48-7:59,Numbers 7:60-7:71,Numbers 7:72-7:89,Numbers 7:87-7:89
Beha'alotcha,Numbers 8:1-8:4,Numbers 8:5-8:9,Numbers 8:10-8:14,Numbers 8:15-8:22,Numbers 8:23-8:26,Numbers 9:1-9:8,Numbers 9:9-9:14,Numbers 9:12-9:14,Numbers 9:15-9:18,Numbers 9:19-9:23,Numbers 10:1-10:7,Numbers 10:8-10:10,Numbers 10:11-10:20,Numbers 10:21-10:28,Numbers 10:29-10:34,Numbers 10:32-10:34,Numbers 10:35-11:9,Numbers 11:10-11:18,Numbers 11:19-11:22,Numbers 11:23-11:29,Numbers 11:30-11:35,Numbers 12:1-12:13,Numbers 12:14-12:16,Numbers 12:14-12:16
Sh'lach,Numbers 13:1-13:3,Numbers 13:4-13:16,Numbers 13:17-13:20,Numbers 13:21-13:24,Numbers 13:25-13:30,Numbers 13:31-13:33,Numbers 14:1-14:7,Numbers 14:5-14:7,Numbers 14:8-14:10,Numbers 14:11-14:20,Numbers 14:21-14:25,Numbers 14:26-14:38,Numbers 14:39-14:42,Numbers 14:43-15:3,Numbers 15:4-15:7,Numbers 15:4-15:7,Numbers 15:8-15:10,Numbers 15:11-15:16,Numbers 15:17-15:21,Numbers 15:22-15:26,Numbers 15:27-15:31,Numbers 25:32-15:36,Numbers 15:37-15:41,Numbers 15:37-15:41
Korach,Numbers 16:1-16:3,Numbers 16:4-16:7,Numbers 16:8-16:13,Numbers 16:14-16:19,Numbers 16:20-16:35,Numbers 17:1-17:8,Numbers 17:9-17:15,Numbers 17:9-17:15,Numbers 16:20-16:27,Numbers 16:28-16:35,Numbers 17:1-17:5,Numbers 17:6-17:8,Numbers 17:9-17:15,Numbers 17:16-17:20,Numbers 17:21-17:24,Numbers 17:21-17:24,Numbers 17:25-18:7,Numbers 18:8-18:10,Numbers 18:11-18:13,Numbers 18:14-18:20,Numbers 18:21-18:24,Numbers 18:25-18:29,Numbers 18:30-18:32,Numbers 18:30-18:32
Chukat,double,double,double,double,double,double,double,double,double,double,double,double,double,double,double,double,double,double,double,double,double,double,double,double
Balak,double,double,double,double,double,double,double,double,double,double,double,double,double,double,double,double,double,double,double,double,double,double,double,double
Pinchas,Numbers 25:10-25:12,Numbers 25:13-25:15,Numbers 25:16-26:4,Numbers 26:5-26:11,Numbers 26:12-26:22,Numbers 26:23-26:34,Numbers 26:35-26:51,Numbers 26:48-26:51,Numbers 26:52-26:56,Numbers 26:57-26:62,Numbers 26:63-27:5,Numbers 27:6-27:14,Numbers 27:15-27:23,Numbers 28:1-28:10,Numbers 28:11-28:15,Numbers 28:11-28:15,Numbers 28:16-28:25,Numbers 28:26-28:31,Numbers 29:1-29:6,Numbers 29:7-29:11,Numbers 29:12-29:16,Numbers 29:17-29:28,Numbers 29:29-30:1,Numbers 29:35-30:1
Matot,double,double,double,double,double,double,double,double,double,double,double,double,double,double,double,double,double,double,double,double,double,double,double,double
Masei,double,double,double,double,double,double,double,double,double,double,double,double,double,double,double,double,double,double,double,double,double,double,double,double
Devarim,Deuteronomy 1:1-1:3,Deuteronomy 1:4-1:7,Deuteronomy 1:8-1:10,Deuteronomy 1:11-1:21,Deuteronomy 1:22-1:28,Deuteronomy 1:29-1:38,Deuteronomy 1:39-2:1,Deuteronomy 1:39-2:1,Deuteronomy 2:2-2:5,Deuteronomy 2:6-2:12,Deuteronomy 2:13-2:16,Deuteronomy 2:17-2:19,Deuteronomy 2:20-2:22,Deuteronomy 2:23-2:25,Deuteronomy 2:26-2:30,Deuteronomy 2:28-2:30,Deuteronomy 2:31-2:34,Deuteronomy 2:35-2:37,Deuteronomy 3:1-3:3,Deuteronomy 3:4-3:7,Deuteronomy 3:8-3:11,Deuteronomy 3:12-3:14,Deuteronomy 3:15-3:22,Deuteronomy 3:20-3:22
Vaetchanan F,Deuteronomy 3:23-3:25,Deuteronomy 3:26-4:4,Deuteronomy 4:5-4:14,Deuteronomy 4:15-4:20,Deuteronomy 4:21-4:40,Deuteronomy 4:41-4:49,deuteronomy 5:1-5:18,Deuteronomy 5:16-5:18,Deuteronomy 5:1-5:18,Deuteronomy 5:19-5:24,Deuteronomy 5:25-5:30,Deuteronomy 6:1-6:3,Deuteronomy 6:4-6:9,Deuteronomy 6:10-6:19,Deuteronomy 6:20-6:25,Deuteronomy 6:23-6:25,Deuteronomy 5:1-5:18,Deuteronomy 5:19-5:24,Deuteronomy 5:25-6:3,Deuteronomy 6:4-6:9,Deuteronomy 6:10-6:19,Deuteronomy 6:20-6:25,Deuteronomy 7:1-7:11,Deuteronomy 7:9-7:11
Vaetchanan T,Deuteronomy 3:23-3:25,Deuteronomy 3:26-3:29,Deuteronomy 4:1-4:4,Deuteronomy 4:5-4:14,Deuteronomy 4:15-4:20,Deuteronomy 4:21-4:29,Deuteronomy 4:30-4:40,Deuteronomy 4:36-4:40,Deuteronomy 4:41-4:43,Deuteronomy 4:44-4:49,Deuteronomy 5:1-5:18,Deuteronomy 5:19-5:21,Deuteronomy 5:22-5:24,Deuteronomy 5:25-5:30,Deuteronomy 6:1-6:3,Deuteronomy 6:1-6:3,Deuteronomy 6:4-6:9,Deuteronomy 6:10-6:19,Deuteromony 6:20-6:22,Deuteronomy 6:23-6:25,Deuteronomy 67:1-7:5,Deuteronomy 7:6-7:8,Deuteronomy 7:9-7:11,Deuteronomy 7:9-7:11
Eikev,Deuteronomy 7:12-7:16,Deuteronomy 7:17-7:21,Deuteronomy 7:22-7:26,Deuteronomy 8:1-8:3,Deuteronomy 8:4-8:10,Deuteronomy 8:11-8:18,Deuteronomy 8:19-9:3,Deuteronomy 9:1-9:3,Deuteronomy 9:4-9:10,Deuteronomy 9:11-9:14,Deuteronomy 9:15-9:21,Deuteronomy 9:22-9:29,Deuteronomy 10:1-10:5,Deuteronomy 10:6-10:8 ,Deuteronomy 10:9-10:11,Deuteronomy 10:9-10:11,Deuteronomy 10:12-10:15 ,Deuteronomy 10:16-10:22,Deuteronomy 11:1-11:9,Deuteronomy 11:10-11:12,Deuteronomy 11:13-11:15,Deuteronomy 11:16-11:21,Deuteronomy 11:22-11:25,Deuteronomy 11:22-11:25
Re'eh,Deuteronomy 11:26-11:31,Deuteronomy 11:32-12:5,Deuteronomy 12:6-12:10,Deuteronomy 12:11-12:16,Deuteronomy 12:17-12:19,Deuteronomy 12:20-12:25,Deuteronomy 12:26-12:28,Deuteronomy 12:26-12:28,Deuteronomy 12:29-13:1,Deuteronomy 13:2-13:6,Deuteronomy 13:7-13:12,Deuteronomy 13:13-13:19,Deuteronomy 14:1-14:8,Deuteromony 14:9-14:21,Deuteronomy 14:22-14:29,Deuteronomy 14:22-14:29,Deuteronomy 15:1-15:6,Deuteronomy 15:7-15:11,Deuteronomy 15:12-15:18,Deuteronomy 15:19-15:23,Deuteronomy 16:1-16:8,Deuteronomy 16:9-16:12,Deuteronomy 16:13-16:17,Deuteronomy 16:13-16:17
Shoftim,Deuteronomy 16:18-16:20,Deuteronomy 16:21-17:7,Deuteronomy 17:8-17:10,Deuteronomy 17:11-17:13,Deuteronomy 17:14-17:17,Deuteronomy 17:18-17:20,Deuteronomy 18:1-18:5,Deuteronomy 18:3-18:5,Deuteronomy 18:6-18:8,Deuteronomy 18:9-18:13,Deuteronomy 18:14-18:17,Deuteronomy 18:18-18:22,Deuteronomy 19:1-19:7,Dueteronomy 19:8-19:10,Deuteronomy 19:11-19:13,Deuteronomy 19:11-19:13,Deuteronomy 19:14-19:21,Deuteronomy 20:1-20:4,Deuteronomy 20:5-20:9,Deuteronomy 20:10-20:14,Deuteronomy 20:15-20:20,Deuteronomy 21:1-21:6,Deuteronomy 21:7-21:9,Deuteronomy 21:7-21:9
Ki Teitzei,Deuteronomy 21:10-21:14,Deuteronomy 21:15-21:17,Deuteronomy 21:18-21:21,Deuteronomy 21:22-22:7,Deuteronomy 22:8-22:12,Deuteronomy 22:13-22:29,Deuteronomy 23:1-23:7,Deuteronomy 23:4-23:7,Deuteronomy 23:8-23:12,Deuteronomy 23:13-23:15,Deuteronomy 23:16-23:19,Deuteronomy 23:20-23:24,Deuteronomy 23:25-24:4,Deuteronomy 24:4-24:9,Deuteronomy 24:10-24:13,Deuteronomy 24:10-24:13,Deuteronomy 24:13-24:16,Deuteronomy 24:17-24:19,Deuteronomy 24:20-24:22,Deuteronomy 25:1-25:4,Deuteronomy 25:5-25:10,Deuteronomy 25:11-25:16,Deuteronomy 25:17-25:19 ,Deuteronomy 25:17-25:19 
Ki Tavo,Deuteronomy 26:1-26:3,Deuteronomy 26:4-26:8,Deuteronomy 26:9-26:11,Deuteronomy 26:12-26:15,Deuteronomy 26:16-26:19,Deuteronomy 27:1-27:4,Deuteronomy 27:5-27:10,Deuteronomy 27:7-27:10,Deuteronomy 26:12-26:15,Deuteronomy 26:16-26:19,Deuteronomy 27:1-27:3,Deuteronomy 27:4-27:8,Deuteronomy 27:6-27:10,Deuteronomy 27:11-28:3,Deuteronomy 28:4-28:6,Deuteronomy 28:4-28:6,Deuteronomy 27:11-28:3,Deuteronomy 28:4-28:6,Deuteronomy 28:7-28:11,Deuteronomy 28:12-28:14,Deuteronomy 28:15-28:69,Deuteronomy 29:1-29:5,Deuteronomy 29:6-29:8,Deuteronomy 29:6-29:8
Nitzavim,trad,trad,trad,trad,trad,trad,trad,trad,trad,trad,trad,trad,trad,trad,trad,trad,trad,trad,trad,trad,trad,trad,trad,trad
Vayeilech,trad,trad,trad,trad,trad,trad,trad,trad,trad,trad,trad,trad,trad,trad,trad,trad,trad,trad,trad,trad,trad,trad,trad,trad
Ha'azinu,trad,trad,trad,trad,trad,trad,trad,trad,trad,trad,trad,trad,trad,trad,trad,trad,trad,trad,trad,trad,trad,trad,trad,trad
Vezot Haberakhah,trad,trad,trad,trad,trad,trad,trad,trad,trad,trad,trad,trad,trad,trad,trad,trad,trad,trad,trad,trad,trad,trad,trad,trad
Vayakhel-Pekudei,Exodus 35:1-35:10,Exodus 35:11-35:20,Exodus 35:21-35:29,Exodus 35:30-36:7,Exodus 36:8-36:19,Exodus 36:20-36:38,Exodus 37:1-37:16,Exodus 37:10-37:16,Exodus 37:17-37:24,Exodus 37:25-37:29,Exodus 38:1-38:8,Exodus 38:9-38:20,Exodus 38:21-39:1,Exodus 39:2-39:7,Exodus 39:8-39:21,Exodus 39:19-39:21,Exodus 39:22-29:26,Exodus 39:27-39:32,Exodus 39:33-39:43,Exodus 40:1-40:8,Exodus 40:9-40:16,Exodus 40:17-40:27,Exodus 40:28-40:38,Exodus 40:34-40:38
Tazria-Metzora,Leviticus 12:1-12:4,Leviticus 12:5-12:8,Leviticus 13:1-23:5,Leviticus 23:6-13:17,Leviticus 13:18-13:23,Leviticus 13:24-23:28,Leviticus 13:29-13:39,Leviticus 13:37-13:39,Leviticus 13:40-13:46,Leviticus 13:47-13:54,Leviticus 13:55-13:59,Leviticus 14:1-14:5,leviticus 14:6-14:12,Leviticus 14:13-14:20,Leviticus 14:21-14:32,Leviticus 14:30-14:32,Leviticus 14:33-14:38,Leviticus 14:39-14:47,Leviticus 14:48-14:53,Leviticus 14:54-15:7,Leviticus 15:8-15:15,Leviticus 15;16-15:28,Leviticus 15:29-15:33,leviticus 15:31-15:33
Achrei Mot-Kedoshim,Leviticus 16:1-16:6,Leviticus 16:7-16:11,Leviticus 16:12-16:17,Leviticus 16:18-16:24,Leviticus 16:25-16:30,Leviticus 16:31-16:34,Leviticus 17:1-17:7,Leviticus 17:5-17:7,Leviticus 17:8-17:12,Leviticus 17:13-17:16,Leviticus 18:1-18:5,Leviticus 18:6-18:21,Leviticus 18:22-18:30,Leviticus 19:1-19:3,Leviticus 19:4-19:14,Leviticus 19:11-19:14,Leviticus 19:15-19:18,Leviticus 19:19-19:22,Leviticus 19:23-19:32,Leviticus 19:33-19:37,Leviticus 20:1-20:7,Leviticus 20:8-20:22,Leviticus 20:23-20:27,Leviticus 20:25-20:27
Behar-Bechukotai,Leviticus 25:1-25:3,Leviticus 25:4-25:7,Leviticus 25:8-25:13,Leviticus 25:14-25:18,Leviticus 25:19-25:24,Leviticus 25:25-25:28,Leviticus 25:29-25:38,Leviticus 25:35-25:38,Leviticus 25:39-25:43,Leviticus 25:44-25:46,Leviticus 25:47-25:54,Leviticus 25:55-26:2,Leviticus 26:3-26:5,Leviticus 26:6-26:9,Levitiucs 26:10-26:46,Leviticus 26:44-26:46,Leviticus 27:1-27:4,Leviticus 27:5-27:8,Leviticus 27:9-27:15,Leviticus 27:16-27:21,Leviticus 27:22-27:25,Leviticus 27:26-27:28,Leviticus 27:29-27:34,Leviticus 27:32-27:34
Chukat-Balak,Numbers 19:1-19:9,Numbers 19:10-19:17,Numbers 19:18-20:6,Numbers 20:7-20:13,Numbers 20:14-20:21,Numbers 20:22-21:9,Numbers 21:10-21:20,Numbers 21:16-21:20,Numbers 21:21-21:25,Numbers 21:26-22:1,Numbers 22:2-22:7,Numbers 22:8-22:12,Numbers 22:13-22:20,Numbers 22:21-22:30,Numbers 22:31-22:38,Numbers 22:36-22:38,Numbers 22:39-23:5,Numbers 23:6-23:12,Numbers 23:13-23:26,Numbers 23:27-23:30,Numbers 24:1-24:13,Numbers 24:14-24:25,Numbers 25:1-25:9,Numbers 25:7-25:9
Matot-Masei,Numbers 30:2-30:9,Numbers 30:10-30:13,Numbers 30:14-30:17,Numbers 31:1-31:12,Numbers 31:13-31:24,Numbers 31:25-31:41,Numbers 31:42-31:54,Numbers 31:51-31:54,Numbers 32:1-32:4,Numbers 32:5-32:19,Numbers 32:20-32:27,Numbers 32:28-32:42,Numbers 33:1-33:10,Numbers 33:11-33:36,Numbers 33:37-33:49,Numbers 33:47-33:49,Numbers 33:50-34:15,Numbers 34:16-34:29,Numbers 35:1-35:8,Numbers 35:9-35:15,Numbers 35:16-35:29,Numbers 35:30-25:34,Numbers 36:1-36:13,Numbers 36:10-26:13
Nitzavim-Vayeilech,Deuteronomy 29:9-29:11,Deuteronomy 29:12-29:14,Deuteronomy 29:15-29:28,Deuteronomy 30:1-30:3,Deuteronomy 30:4-30:6,Deuteronomy 30:7-30:10,Deuteronomy 30:11-30:14,Deuteronomy 30:11-30:14,Deuteronomy 30:1-30:3,Deuteronomy 30:4-30:6,Deuteronomy 30:7-30:10,Deuteronomy 30:11-30:14,Deuteronomy 30:15-30:20,Deuteronomy 31:1-31:3,Deuteronomy 31:4-31:6,Deuteronomy 31:4-31:6,Deuteronomy 31:7-31:9,Deuteronomy 31:10-31:13,Deuteronomy 31:14-31:19,Deuteronomy 31:20-31:22,Deuteronomy 31:22-31:24,Deuteronomy 31:25-31:27,Deuteronomy 31:28-31:30,Deuteronomy 21:28-21:30
Rosh Hashana,trad,trad,trad,trad,trad,trad,trad,trad,trad,trad,trad,trad,trad,trad,trad,trad,trad,trad,trad,trad,trad,trad,trad,trad
Rosh Hashana Shabbat,trad,trad,trad,trad,trad,trad,trad,trad,trad,trad,trad,trad,trad,trad,trad,trad,trad,trad,trad,trad,trad,trad,trad,trad
Rosh Hashana II,trad,trad,trad,trad,trad,trad,trad,trad,trad,trad,trad,trad,trad,trad,trad,trad,trad,trad,trad,trad,trad,trad,trad,trad
Yom Kippur,trad,trad,trad,trad,trad,trad,trad,trad,trad,trad,trad,trad,trad,trad,trad,trad,trad,trad,trad,trad,trad,trad,trad,trad
Yom Kippur Shabbat,trad,trad,trad,trad,trad,trad,trad,trad,trad,trad,trad,trad,trad,trad,trad,trad,trad,trad,trad,trad,trad,trad,trad,trad
Sukkot I,trad,trad,trad,trad,trad,trad,trad,trad,trad,trad,trad,trad,trad,trad,trad,trad,trad,trad,trad,trad,trad,trad,trad,trad
Sukkot I Shabbat,trad,trad,trad,trad,trad,trad,trad,trad,trad,trad,trad,trad,trad,trad,trad,trad,trad,trad,trad,trad,trad,trad,trad,trad
Sukkot II,trad,trad,trad,trad,trad,trad,trad,trad,trad,trad,trad,trad,trad,trad,trad,trad,trad,trad,trad,trad,trad,trad,trad,trad
Sukkot Chol HaMoed Shabbat,trad,trad,trad,trad,trad,trad,trad,trad,trad,trad,trad,trad,trad,trad,trad,trad,trad,trad,trad,trad,trad,trad,trad,trad
Shmini Atzeret,trad,trad,trad,trad,trad,trad,trad,trad,trad,trad,trad,trad,trad,trad,trad,trad,trad,trad,trad,trad,trad,trad,trad,trad
Simchat Torah,trad,trad,trad,trad,trad,trad,trad,trad,trad,trad,trad,trad,trad,trad,trad,trad,trad,trad,trad,trad,trad,trad,trad,trad
Simchat Torah Shabbat,trad,trad,trad,trad,trad,trad,trad,trad,trad,trad,trad,trad,trad,trad,trad,trad,trad,trad,trad,trad,trad,trad,trad,trad
Chanukah I Shabbat,trad,trad,trad,trad,trad,trad,trad,trad,trad,trad,trad,trad,trad,trad,trad,trad,trad,trad,trad,trad,trad,trad,trad,trad
Chanukah II Shabbat,trad,trad,trad,trad,trad,trad,trad,trad,trad,trad,trad,trad,trad,trad,trad,trad,trad,trad,trad,trad,trad,trad,trad,trad
Chanukah III Shabbat,trad,trad,trad,trad,trad,trad,trad,trad,trad,trad,trad,trad,trad,trad,trad,trad,trad,trad,trad,trad,trad,trad,trad,trad
Chanukah IV Shabbat,trad,trad,trad,trad,trad,trad,trad,trad,trad,trad,trad,trad,trad,trad,trad,trad,trad,trad,trad,trad,trad,trad,trad,trad
Chanukah V Shabbat,trad,trad,trad,trad,trad,trad,trad,trad,trad,trad,trad,trad,trad,trad,trad,trad,trad,trad,trad,trad,trad,trad,trad,trad
Chanukah VII Shabbat,trad,trad,trad,trad,trad,trad,trad,trad,trad,trad,trad,trad,trad,trad,trad,trad,trad,trad,trad,trad,trad,trad,trad,trad
Chanukah VII Shabbat Rosh Chodesh,trad,trad,trad,trad,trad,trad,trad,trad,trad,trad,trad,trad,trad,trad,trad,trad,trad,trad,trad,trad,trad,trad,trad,trad
Chanukah VIII Shabbat,trad,trad,trad,trad,trad,trad,trad,trad,trad,trad,trad,trad,trad,trad,trad,trad,trad,trad,trad,trad,trad,trad,trad,trad
Pesach I,trad,trad,trad,trad,trad,trad,trad,trad,trad,trad,trad,trad,trad,trad,trad,trad,trad,trad,trad,trad,trad,trad,trad,trad
Pesach I Shabbat,trad,trad,trad,trad,trad,trad,trad,trad,trad,trad,trad,trad,trad,trad,trad,trad,trad,trad,trad,trad,trad,trad,trad,trad
Pesach II,trad,trad,trad,trad,trad,trad,trad,trad,trad,trad,trad,trad,trad,trad,trad,trad,trad,trad,trad,trad,trad,trad,trad,trad
Pesach Chol HaMoed Shabbat,trad,trad,trad,trad,trad,trad,trad,trad,trad,trad,trad,trad,trad,trad,trad,trad,trad,trad,trad,trad,trad,trad,trad,trad
Pesach VII,trad,trad,trad,trad,trad,trad,trad,trad,trad,trad,trad,trad,trad,trad,trad,trad,trad,trad,trad,trad,trad,trad,trad,trad
Pesach VII Shabbat,trad,trad,trad,trad,trad,trad,trad,trad,trad,trad,trad,trad,trad,trad,trad,trad,trad,trad,trad,trad,trad,trad,trad,trad
Pesach VIII,trad,trad,trad,trad,trad,trad,trad,trad,trad,trad,trad,trad,trad,trad,trad,trad,trad,trad,trad,trad,trad,trad,trad,trad
Pesach VIII Shabbat,trad,trad,trad,trad,trad,trad,trad,trad,trad,trad,trad,trad,trad,trad,trad,trad,trad,trad,trad,trad,trad,trad,trad,trad
Shavuot I,trad,trad,trad,trad,trad,trad,trad,trad,trad,trad,trad,trad,trad,trad,trad,trad,trad,trad,trad,trad,trad,trad,trad,trad
Shavuot II,trad,trad,trad,trad,trad,trad,trad,trad,trad,trad,trad,trad,trad,trad,trad,trad,trad,trad,trad,trad,trad,trad,trad,trad
Shavuot II Shabbat,trad,trad,trad,trad,trad,trad,trad,trad,trad,trad,trad,trad,trad,trad,trad,trad,trad,trad,trad,trad,trad,trad,trad,trad
Shabbat Rosh Chodesh,trad,trad,trad,trad,trad,trad,trad,trad,trad,trad,trad,trad,trad,trad,trad,trad,trad,trad,trad,trad,trad,trad,trad,trad
Shabbat Machar Chodesh,trad,trad,trad,trad,trad,trad,trad,trad,trad,trad,trad,trad,trad,trad,trad,trad,trad,trad,trad,trad,trad,trad,trad,trad