Bereshit, Bereshith, Bereishit, Bereishis, Bereshis, Genesis
Noach, Noah, Noahch, Noakh
Lech-Lecha, Lech Lecha, Lekh-Lekha, Lekh Lekha, Lech-Lekha, Lech Lekha, Lekh-Lecha, Lekh Lecha
Vayera, Vayerah, Vayeira, Vayeirah, Vayara, Vayarah
Chayei Sara, Chayei-Sara, Chaiia Sara, Chaiia-Sara, Chayei Sarah, Chayei-Sarah, Chaiia Sarah, Chaiia-Sarah
Toldot, Toldote, Taldot, Taldote
Vayetzei, Vayeitzei, Vayetze, Vayetzeh, Vayetze, Vayetzei, Vayeitzei
Vayishlack, Vayeishlach, Vayishlah, Vayishlach, Vayishlakh, Vayishlah
Vayeshav, Vayeshev, Vayeishev, Vayeishev, Vayeshav, Vayeshev, Vayeishev, Vayeshev, Vayeishev
Miketz, Mikets, Mikeitz, Mekeitz, Miketz, Miqetz
Vayigash
Vayechi, Vayechai, Vayehi, Vayhi
Shemot, Shemos, Shemoth, Exodus
Vaera, Va'eira, Va'eera
Bo, Boe, Bo'
Beshalach, Beshalah, Beshallach, Beshalakh
Yitro, Yithro, Yisro, Jethro
Mishpatim, Mishpotim
Terumah, Trumah, T'ruma, Teruma, Truma, T'rumah
Tetzaveh, Tetzave, Tetzavveh, Tetsaveh, Tetzavah
Ki Tisa, Ki-Tisa, Ki Tissa, Ki-Tissa, Ki Thisa, Ki-Thisa
Vayakhel, Vayachel, Vayakheil, Vayacheil
Pekudei, Pekude, Pekudey
Vayikra, Vayikrah, Wayyiqra, Leviticus 
Tazv, Tsav, Sav, Zav
Shmini, Shemini, Sh'mini
Tazria, Tazri'a, Tazriah, Thazria
Metzora, Metzorah, M'tzora, Metzoraah
Achrei-Mot, Achrei Mot, Acharei-Mot, Acharei Mot, Acharei-Mos, Acharei Mos, Achrei-Mos, Achrei Mos
Kedoshim, K'doshim
Emor, Amor
Behar, B'har, Be-har
Bechukotai, Bechukosai, Bechukotay, B'chukotai, Bechukosay
Bamidbar, Bemidbar, B'midbar, Bamidbar, Numbers
Nasso, Naso, Nassoh, Nasoh
Beha'alotcha, Behaalotcha, Beha'alotkha, B'ha'alotcha, Behaaloscha, Beha'aloscha
Sh'lach, Shelach, Sh'lackh, Shelakh, Shlack, Shelakh, 
Korach, Korakh, Korah, Qorach, Qorakh, Qorah
Chukat, Chukkat, Chukath, Hukat, Hukas, Chukas
Balak, Bolok, Balaq, Boloq
Pinchas, Pinhas, Phinchus, Pinhus, Phineas
Matot, Mattot, Matoth, Mattoth, Matos, Mattos
Masei, Masey, Massei, Massey, Mas'ei, Mas'ey, Mase
Devarim, D'varim, Devorim, D'vorim, Deuteronomy
Vaetchanan, Va'etchanan, Vaethanan, Va'ethanan, Va'eschanan
Eikev, Ekev, Eqev, Aikev, Eikav
Re'eh, Reeh, Reah, Re'e, Ree, Re'ehh, Reehh
Shoftim, Shofetim, Shof'tim, Shofetim, Shof'tim
Ki Teitzei, Ki-Teitzei, Ki Tzeitzei, Ki-Tzeitzei, Ki Seitzei, Ki-Seitzei, Ki Tetse, Ki-Tetse, Ki Tetze, Ki-Tetze, Ki Tetze, Ki-Tetze
Ki Tavo, Ki Thavo, Ki Tabo, Ki-Tavo, Ki-Thavo, Ki-Tabo, Ki Tavoh, Ki-Tavoh
Nitzavim, Nitsavim, Nitzabim, Nitzavím
Vayeilech, Vayelech, Vayelekh, Vayeilekh
Ha'azinu, Haazinu
Vezot Haberakhah, Vezot-Haberakhah, V'Zot HaBerakhah, Vezot HaBerachah, Vezos HaBracha, V'Zos HaBracha
Vayakhel-Pekudei, Vayakhel-Pekude, Vayakhel-Pekudey, Vayachel-Pekudei, Vayachel-Pekude, Vayachel-Pekudey, Vayakheil-Pekudei, Vayakheil-Pekude, Vayakheil-Pekudey, Vayacheil-Pekudei, Vayacheil-Pekude, Vayacheil-Pekudey, Vayakhel Pekudei, Vayakhel Pekude, Vayakhel Pekudey, Vayachel Pekudei, Vayachel Pekude, Vayachel Pekudey, Vayakheil Pekudei, Vayakheil Pekude, Vayakheil Pekudey, Vayacheil Pekudei, Vayacheil Pekude, Vayacheil Pekudey, Pekudei-Vayakhel, Pekudei-Vayachel, Pekudei-Vayakheil, Pekudei-Vayacheil, Pekude-Vayakhel, Pekude-Vayachel, Pekude-Vayakheil, Pekude-Vayacheil, Pekudey-Vayakhel, Pekudey-Vayachel, Pekudey-Vayakheil, Pekudey-Vayacheil, Pekudei Vayakhel, Pekudei Vayachel, Pekudei Vayakheil, Pekudei Vayacheil, Pekude Vayakhel, Pekude Vayachel, Pekude Vayakheil, Pekude Vayacheil,Pekudey Vayakhel, Pekudey Vayachel, Pekudey Vayakheil, Pekudey Vayacheil
Tazria-Metzora, Tazria-Metzorah, Tazria-M'tzora, Tazria-Metzoraah, Tazri'a-Metzora, Tazri'a-Metzorah, Tazri'a-M'tzora, Tazri'a-Metzoraah, Tazriah-Metzora, Tazriah-Metzorah, Tazriah-M'tzora, Tazriah-Metzoraah, Thazria-Metzora, Thazria-Metzorah, Thazria-M'tzora, Thazria-Metzoraah, Tazria Metzora, Tazria Metzorah, Tazria M'tzora, Tazria Metzoraah, Tazri'a Metzora, Tazri'a Metzorah, Tazri'a M'tzora, Tazri'a Metzoraah, Tazriah Metzora, Tazriah Metzorah, Tazriah M'tzora, TazriahMetzoraah, Thazria Metzora, Thazria Metzorah, Thazria M'tzora, Thazria Metzoraah, Metzora-Tazria, Metzora-Tazri'a, Metzora-Tazriah, Metzora-Thazria, Metzorah-Tazria, Metzorah-Tazri'a, Metzorah-Tazriah, Metzorah-Thazria, M'tzora-Tazria, M'tzora-Tazri'a, M'tzora-Tazriah, M'tzora-Thazria, Metzoraah-Tazria, Metzoraah-Tazri'a, Metzoraah-Tazriah, Metzoraah-Thazria, Metzora Tazria, Metzora Tazri'a, Metzora Tazriah, Metzora Thazria, Metzorah Tazria, Metzorah Tazri'a, Metzorah Tazriah, Metzorah Thazria, M'tzora Tazria, M'tzora Tazri'a, M'tzora Tazriah, M'tzora Thazria, Metzoraah Tazria, Metzoraah Tazri'a, Metzoraah Tazriah, Metzoraah Thazria
Achrei-Mot-Kedoshim, Achrei-Mot-K'doshim, Achrei Mot-Kedoshim, Achrei Mot-K'doshim, Acharei-Mot-Kedoshim, Acharei-Mot-K'doshim, Acharei Mot-Kedoshim, Acharei Mot-K'doshim, Acharei-Mos-Kedoshim, Acharei-Mos-K'doshim, Acharei Mos-Kedoshim, Acharei Mos-K'doshim, Achrei-Mos-Kedoshim, Achrei-Mos-K'doshim, Achrei Mos-Kedoshim, Achrei Mos-K'doshim, Achrei-Mot Kedoshim, Achrei-Mot K'doshim, Achrei Mot Kedoshim, Achrei Mot K'doshim, Acharei-Mot Kedoshim, Acharei-Mot K'doshim, Acharei Mot Kedoshim, Acharei Mot K'doshim, Acharei-Mos Kedoshim, Acharei-Mos K'doshim, Acharei Mos Kedoshim, Acharei Mos K'doshim, Achrei-Mos Kedoshim, Achrei-Mos K'doshim, Achrei Mos Kedoshim, Achrei Mos K'doshim, Kedoshim-Achrei-Mot, Kedoshim-Achrei Mot, Kedoshim-Acharei-Mot, Kedoshim-Acharei Mot, Kedoshim-Acharei-Mos, Kedoshim-Acharei Mos, Kedoshim-Achrei-Mos, Kedoshim-Achrei Mos, K'doshim-Achrei-Mot, K'doshim-Achrei Mot, K'doshim-Acharei-Mot, K'doshim-Acharei Mot, K'doshim-Acharei-Mos, K'doshim-Acharei Mos, K'doshim-Achrei-Mos, K'doshim-Achrei Mos, Kedoshim Achrei-Mot, Kedoshim Achrei Mot, Kedoshim Acharei-Mot, Kedoshim Acharei Mot,Kedoshim Acharei-Mos, Kedoshim Acharei Mos, Kedoshim Achrei-Mos, Kedoshim Achrei Mos, K'doshim Achrei-Mot, K'doshim Achrei Mot, K'doshim Acharei-Mot, K'doshim Acharei Mot, K'doshim Acharei-Mos, K'doshim Acharei Mos, K'doshim Achrei-Mos, K'doshim Achrei Mos
Behar-Bechukotai, Behar-Bechukosai, Behar-Bechukotay, Behar-B'chukotai, Behar-Bechukosay, B'har-Bechukotai, B'har-Bechukosai, B'har-Bechukotay, B'har-B'chukotai, B'har-Bechukosay, Be-har-Bechukotai, Be-har-Bechukosai, Be-har-Bechukotay, Be-har-B'chukotai, Be-har-Bechukosay, Behar Bechukotai, Behar Bechukosai, Behar Bechukotay, Behar B'chukotai, Behar Bechukosay, B'har Bechukotai, B'har Bechukosai, B'har Bechukotay, B'har B'chukotai, B'har Bechukosay, Be-har Bechukotai, Be-har Bechukosai, Be-har Bechukotay, Be-har B'chukotai, Be-har Bechukosay, Bechukotai-Behar, Bechukotai-B'har, Bechukotai-Be-har, Bechukosai-Behar, Bechukosai-B'har, Bechukosai-Be-har, Bechukotay-Behar, Bechukotay-B'har, Bechukotay-Be-har, B'chukotai-Behar, B'chukotai-B'har, B'chukotai-Be-har, Bechukosay-Behar, Bechukosay-B'har, Bechukosay-Be-har, Bechukotai Behar, Bechukotai B'har, Bechukotai Be-har, Bechukosai Behar, Bechukosai B'har, Bechukosai Be-har, Bechukotay Behar, Bechukotay B'har, Bechukotay Be-har, B'chukotai Behar, B'chukotai B'har, B'chukotai Be-har, Bechukosay Behar, Bechukosay B'har, Bechukosay Be-har
Chukat-Balak, Chukat-Bolok, Chukat-Balaq, Chukat-Boloq, Chukkat-Balak, Chukkat-Bolok, Chukkat-Balaq, Chukkat-Boloq, Chukath-Balak, Chukath-Bolok, Chukath-Balaq, Chukath-Boloq, Hukat-Balak, Hukat-Bolok, Hukat-Balaq, Hukat-Boloq, Hukas-Balak, Hukas-Bolok, Hukas-Balaq, Hukas-Boloq, Chukas-Balak, Chukas-Bolok, Chukas-Balaq, Chukas-Boloq, Chukat Balak, Chukat Bolok, Chukat Balaq, Chukat Boloq, Chukkat Balak, Chukkat Bolok, Chukkat Balaq, Chukkat Boloq, Chukath Balak, Chukath Bolok, Chukath Balaq, Chukath Boloq, Hukat Balak, Hukat Bolok, Hukat Balaq, Hukat Boloq, Hukas Balak, Hukas Bolok, Hukas Balaq, Hukas Boloq, Chukas Balak, Chukas Bolok, Chukas Balaq, Chukas Boloq, Balak-Chukat, Balak-Chukkat, Balak-Chukath, Balak-Hukat, Balak-Hukas, Balak-Chukas, Bolok-Chukat, Bolok-Chukkat, Bolok-Chukath, Bolok-Hukat, Bolok-Hukas, Bolok-Chukas, Balaq-Chukat, Balaq-Chukkat, Balaq-Chukath, Balaq-Hukat, Balaq-Hukas, Balaq-Chukas, Boloq-Chukat, Boloq-Chukkat, Boloq-Chukath, Boloq-Hukat, Boloq-Hukas, Boloq-Chukas, Balak Chukat, Balak Chukkat, Balak Chukath, Balak Hukat, Balak Hukas, Balak Chukas, Bolok Chukat, Bolok Chukkat, Bolok Chukath, Bolok Hukat, Bolok Hukas, Bolok Chukas, Balaq Chukat, Balaq Chukkat, Balaq Chukath, Balaq Hukat, Balaq Hukas, Balaq Chukas, Boloq Chukat, Boloq Chukkat, Boloq Chukath, Boloq Hukat, Boloq Hukas, Boloq Chukas
Matot-Masei, Matot-Masey, Matot-Massei, Matot-Massey, Matot-Mas'ei, Matot-Mas'ey, Matot-Mase, Mattot-Masei, Mattot-Masey, Mattot-Massei, Mattot-Massey, Mattot-Mas'ei, Mattot-Mas'ey, Mattot-Mase, Matoth-Masei, Matoth-Masey, Matoth-Massei, Matoth-Massey, Matoth-Mas'ei, Matoth-Mas'ey, Matoth-Mase, Mattoth-Masei, Mattoth-Masey, Mattoth-Massei, Mattoth-Massey, Mattoth-Mas'ei, Mattoth-Mas'ey, Mattoth-Mase, Matos-Masei, Matos-Masey, Matos-Massei, Matos-Massey, Matos-Mas'ei, Matos-Mas'ey, Matos-Mase, Mattos-Masei, Mattos-Masey, Mattos-Massei, Mattos-Massey, Mattos-Mas'ei, Mattos-Mas'ey, Mattos-Mase, Matot Masei, Matot Masey, Matot Massei, Matot Massey, Matot Mas'ei, Matot Mas'ey, Matot Mase, Mattot Masei, Mattot Masey, Mattot Massei, Mattot Massey, Mattot Mas'ei, Mattot Mas'ey, Mattot Mase, Matoth Masei, Matoth Masey, Matoth Massei, Matoth Massey, Matoth Mas'ei, Matoth Mas'ey, Matoth Mase, Mattoth Masei, Mattoth Masey, Mattoth Massei, Mattoth Massey, Mattoth Mas'ei, Mattoth Mas'ey, Mattoth Mase, Matos Masei, Matos Masey, Matos Massei, Matos Massey, Matos Mas'ei, Matos Mas'ey, Matos Mase, Mattos Masei, MattosMasey, Mattos Massei, Mattos Massey, Mattos Mas'ei, Mattos Mas'ey, Mattos Mase, Masei-Matot, Masei-Mattot, Masei-Matoth, Masei-Mattoth, Masei-Matos, Masei-Mattos, Masey-Matot, Masey-Mattot, Masey-Matoth, Masey-Mattoth, Masey-Matos, Masey-Mattos, Massei-Matot, Massei-Mattot, Massei-Matoth, Massei-Mattoth, Massei-Matos,Massei-Mattos, Massey-Matot, Massey-Mattot, Massey-Matoth, Massey-Mattoth, Massey-Matos, Massey-Mattos, Mas'ei-Matot, Mas'ei-Mattot, Mas'ei-Matoth, Mas'ei-Mattoth, Mas'ei-Matos, Mas'ei-Mattos, Mas'ey-Matot, Mas'ey-Mattot, Mas'ey-Matoth, Mas'ey-Mattoth, Mas'ey-Matos, Mas'ey-Mattos, Mase-Matot, Mase-Mattot, Mase-Matoth,Mase-Mattoth, Mase-Matos, Mase-Mattos, Masei Matot, Masei Mattot, Masei Matoth, Masei Mattoth, Masei Matos, Masei Mattos, Masey Matot, Masey Mattot, Masey Matoth, Masey Mattoth, Masey Matos, Masey Mattos, Massei Matot, Massei Mattot, Massei Matoth, Massei Mattoth, Massei Matos, Massei Mattos, Massey Matot, Massey Mattot, Massey Matoth, Massey Mattoth, Massey Matos, Massey Mattos, Mas'ei Matot, Mas'ei Mattot, Mas'ei Matoth, Mas'ei Mattoth, Mas'ei Matos, Mas'ei Mattos, Mas'ey Matot, Mas'ey Mattot, Mas'ey Matoth, Mas'ey Mattoth, Mas'ey Matos, Mas'ey Mattos, Mase Matot, Mase Mattot, Mase Matoth, Mase Mattoth, Mase Matos, Mase Mattos
Nitzavim-Vayeilech, Nitzavim-Vayelech, Nitzavim-Vayelekh, Nitzavim-Vayeilekh, Nitsavim-Vayeilech, Nitsavim-Vayelech, Nitsavim-Vayelekh, Nitsavim-Vayeilekh, Nitzabim-Vayeilech, Nitzabim-Vayelech, Nitzabim-Vayelekh, Nitzabim-Vayeilekh, Nitzavím-Vayeilech, Nitzavím-Vayelech, Nitzavím-Vayelekh, Nitzavím-Vayeilekh, Nitzavim Vayeilech, Nitzavim Vayelech, Nitzavim Vayelekh, Nitzavim Vayeilekh, Nitsavim Vayeilech, Nitsavim Vayelech, Nitsavim Vayelekh, Nitsavim Vayeilekh, Nitzabim Vayeilech, Nitzabim Vayelech, Nitzabim Vayelekh, Nitzabim Vayeilekh, Nitzavím Vayeilech, Nitzavím Vayelech, Nitzavím Vayelekh, Nitzavím Vayeilekh, Vayeilech-Nitzavim, Vayeilech-Nitsavim, Vayeilech-Nitzabim, Vayeilech-Nitzavím, Vayelech-Nitzavim, Vayelech-Nitsavim, Vayelech-Nitzabim, Vayelech-Nitzavím, Vayelekh-Nitzavim, Vayelekh-Nitsavim, Vayelekh-Nitzabim, Vayelekh-Nitzavím, Vayeilekh-Nitzavim, Vayeilekh-Nitsavim, Vayeilekh-Nitzabim, Vayeilekh-Nitzavím, Vayeilech Nitzavim, Vayeilech Nitsavim, Vayeilech Nitzabim, Vayeilech Nitzavím, Vayelech Nitzavim, Vayelech Nitsavim, Vayelech Nitzabim, Vayelech Nitzavím, Vayelekh Nitzavim, Vayelekh Nitsavim, Vayelekh Nitzabim, Vayelekh Nitzavím, Vayeilekh Nitzavim, Vayeilekh Nitsavim, Vayeilekh Nitzabim, Vayeilekh Nitzavím
Rosh Hashana, Rosh Hashanah, Rosh Hashono, Rosh Hashonah, Rosh Hashanna
Yom Kippur, Yom Kippour, Yom Kipur, Yom Kipour, Yom Kippurim, Yom Hakippurim, Yom Hakippur
Sukkot, Sukkos, Succot, Succos, Sukot, Sucos, Sukkoth, Sukoth, Succoth, Sucoth
Shmini Atzerat, Shemini Atzerat, Shmini Atzeres, Shemini Atzeres, Shmini Atzereth, Shemini Atzereth, 
Simchat Torah, Simchas Torah, Simhat Torah, Simhas Torah, Simchat Tora, Simhat Tora, Simchas Tora, Simhas Tora, Simchath Torah, Simchath Tora, Simhath Torah, Simhath Tora
Chanukah, Hanukkah, Hanukah, Chanuka, Hanuka, Chanukkah, Hanukka, Channukah, Janukah, Jannukah, Januka, Janukah
Pesach, Pesah, Pesackh, Passover
Shavuot, Shavuos, Shavuoth, Shavu’ot
Rosh Chodesh, Rosh Hodesh
Machar Chodesh, Machar Hodesh